{"app_employee_add_employee.py": "{\"user_defined_imports\" : [\"app.employee\", \"app.employee.model\", \"app.master.model\", \"app\"], \"metadata\" : {\"functions_in_the_script\" : [\"allowed_file\", \"new\", \"edit_view_employee\", \"update_employee\", \"edit_employee\", \"add_emp\"], \"data_elements_in_the_script\" : {\"ALLOWED_EXTENSIONS\": \"set\", \"UPLOAD_FOLDER\": \"os.path\", \"emp_fields\": \"tuple\"}, \"classes_in_the_script\" : [], \"imported_pypi_libraries\" : [\"flask\", \"flask_login\", \"sqlalchemy\", \"werkzeug\", \"json\", \"os\", \"shutil\"]}}"}