{"app_master_department.py": "{\"user_defined_imports\" : [\"app.master\", \"app.master.model\", \"app\"], \"metadata\" : {\"functions_in_the_script\" : [\"get_department\", \"add_department\", \"edit_department\", \"delete_department\"], \"data_elements_in_the_script\" : {\"bp\": \"Blueprint\", \"request\": \"object\", \"session\": \"Session\", \"jsonify\": \"function\", \"login_user\": \"function\", \"logout_user\": \"function\", \"current_user\": \"function\", \"Department\": \"class\", \"DepartmentSchema\": \"class\", \"db\": \"SQLAlchemy instance\", \"ma\": \"Marshmallow instance\", \"data_schema\": \"DepartmentSchema\", \"data\": \"list\", \"json_data\": \"dict\", \"payload\": \"dict\", \"check_data\": \"BaseQuery\", \"new_data\": \"Department\"}, \"classes_in_the_script\" : [\"Department\", \"DepartmentSchema\"], \"imported_pypi_libraries\" : [\"flask\", \"flask_login\"]}}"}