{"app_transaction_model_qck.py": "{\"user_defined_imports\" : [\"app\", \"app.employee.model\"], \"metadata\" : {\"functions_in_the_script\" : [], \"data_elements_in_the_script\" : {\"db\": \"library instance\", \"ma\": \"library instance\", \"datetime\": \"function\", \"field_for\": \"function\", \"Employee\": \"class\", \"EmployeeMainSchema\": \"class\", \"TimestampMixin\": \"class\", \"QuickInput\": \"class\", \"QuickInputSchema\": \"class\"}, \"classes_in_the_script\" : [\"TimestampMixin\", \"QuickInput\", \"QuickInputSchema\"], \"imported_pypi_libraries\" : [\"datetime\", \"marshmallow_sqlalchemy\"]}}"}