{"app_transaction_model_att.py": "{\"user_defined_imports\" : [\"app\", \"app.master.model\", \"app.employee.model\"], \"metadata\" : {\"functions_in_the_script\" : [], \"data_elements_in_the_script\" : {\"db\": \"module\", \"ma\": \"module\", \"datetime\": \"module\", \"Post\": \"class\", \"Department\": \"class\", \"Company\": \"class\", \"CompanySchema\": \"class\", \"Benefit\": \"class\", \"Location\": \"class\", \"LocationSchema\": \"class\", \"PostSchema\": \"class\", \"DepartmentSchema\": \"class\", \"BenefitSchema\": \"class\", \"field_for\": \"function\", \"Employee\": \"class\", \"EmployeeMainSchema\": \"class\", \"TimestampMixin\": \"class\", \"Attendence\": \"class\", \"AttendenceSchema\": \"class\"}, \"classes_in_the_script\" : [\"TimestampMixin\", \"Attendence\", \"AttendenceSchema\"], \"imported_pypi_libraries\" : [\"datetime\", \"marshmallow_sqlalchemy\"]}}"}