{"app_master_attendence_rules.py": "{\"user_defined_imports\" : [\"app.master\", \"app.master.model\", \"app\"], \"metadata\" : {\"functions_in_the_script\" : [\"get_attendence_rules\", \"add_attendence_rules\", \"edit_attendence_rules\", \"delete_attendence_rules\"], \"data_elements_in_the_script\" : {\"data_schema\": \"AttendenceRuleSchema\", \"data\": \"AttendenceRules\", \"json_data\": \"json\", \"payload\": \"json\", \"check_data\": \"query\", \"new_data\": \"AttendenceRules\", \"e\": \"Exception\"}, \"classes_in_the_script\" : [], \"imported_pypi_libraries\" : [\"flask\", \"flask_login\"]}}"}