{"app_model.py": "{\"user_defined_imports\" : [\"app\"], \"metadata\" : {\"functions_in_the_script\" : [\"load_user\", \"set_password\", \"check_password\", \"__repr__\"], \"data_elements_in_the_script\" : {\"id\" : \"Integer\", \"username\" : \"String\", \"password_hash\" : \"String\", \"roles\" : \"relationship\", \"__tablename__\" : \"String\", \"name\" : \"String\", \"user_id\" : \"Integer\", \"role_id\" : \"Integer\"}, \"classes_in_the_script\" : [\"User\", \"Role\", \"UserRoles\"], \"imported_pypi_libraries\" : [\"flask_login\", \"werkzeug.security\"]}}"}