{"app_transaction_performance.py": "{\"user_defined_imports\" : [\"app.transaction\", \"app.employee.model\", \"app.master.model\", \"app.transaction.model_per\", \"app\"], \"metadata\" : {\"functions_in_the_script\" : [\"show_performance\", \"get_performance_factors\", \"get_performance_all\", \"get_performance_factors_for_emp\", \"get_performance_by_employee\", \"save_performance\", \"delete_performance\", \"update_performance\"], \"data_elements_in_the_script\" : {\"data_schema\": \"instance\", \"data\": \"instance\", \"json_data\": \"string\", \"factors\": \"instance\", \"item\": \"dictionary\", \"max_score\": \"float\", \"prf_item\": \"dictionary\", \"fac\": \"instance\", \"payload\": \"dictionary\", \"temp_date\": \"list\", \"fromdate\": \"datetime\", \"todate\": \"datetime\", \"emp\": \"instance\", \"check_data\": \"instance\", \"new_data\": \"instance\", \"id\": \"string\", \"perf_id\": \"string\"}, \"classes_in_the_script\" : [\"Employee\", \"EmployeeAdvanceSchema\", \"Company\", \"Performance\", \"PerformanceSchema\", \"PerformanceItem\", \"TransPerformance\", \"TransPerformanceSchema\"], \"imported_pypi_libraries\" : [\"flask\", \"flask_login\", \"datetime\", \"json\"]} }"}