{"app_report_firms.py": "{\"user_defined_imports\" : [\"app.main\", \"app.master.model\", \"app.employee.model\", \"app\"], \"metadata\" : {\"functions_in_the_script\" : [\"show_firms\", \"firms_info\"], \"data_elements_in_the_script\" : {\"data_schema\": \"CompanySchema\", \"data\": \"db.session.query(Company).join(Employee.company).all()\", \"json_dump\": \"data_schema.dumps(data)\", \"temp_json\": \"json.loads(json_dump)\", \"item\": \"temp_json\", \"all_emp\": \"db.session.query(Company).filter_by(id=int(item['id'])).first().emp_company\", \"emp\": \"all_emp\"}, \"classes_in_the_script\" : [], \"imported_pypi_libraries\" : [\"flask\", \"flask_login\", \"json\"]}}"}