{"app_employee_show_employee.py": "{\n\"user_defined_imports\" : [\"app.employee\", \"app.employee.model\", \"app.master.model\", \"app\"],\n\"metadata\" : \n    {\n    \"functions_in_the_script\" : [\"show_employee\", \"get_detail\", \"get_basic\", \"delete_employee\", \"view_employee_detail\", \"get_by_company\"],\n    \"data_elements_in_the_script\" : {\"data_schema\": \"EmployeeSchema\", \"data\": \"Employee\", \"json_data\": \"data_schema.dumps\", \"emp\": \"Employee\", \"employee_schema\": \"EmployeeMainSchema\"},\n    \"classes_in_the_script\" : [\"Employee\", \"EmployeeSchema\", \"EmployeeBasicSchema\", \"EmployeeMainSchema\", \"Company\", \"CompanySchema\"],\n    \"imported_pypi_libraries\" : [\"flask\", \"flask_login\"]\n    }\n}"}