{"app_transaction_quickinput.py": "{\"user_defined_imports\" : [\"app.transaction\", \"app.employee.model\", \"app.transaction.model_qck\", \"app\"], \"metadata\" : {\"functions_in_the_script\" : [\"show_quick\", \"get_quick_emp\", \"add_quick\"], \"data_elements_in_the_script\" : {\"payload\": \"dict\", \"data_schema\": \"QuickInputSchema\", \"fromdate\": \"datetime\", \"todate\": \"datetime\", \"data\": \"QuickInput\", \"json_data\": \"str\", \"emp\": \"Employee\", \"report\": \"str\", \"feedback\": \"str\", \"payload_date\": \"datetime\"}, \"classes_in_the_script\" : [\"Employee\", \"QuickInput\", \"QuickInputSchema\"], \"imported_pypi_libraries\" : [\"flask\", \"flask_login\", \"json\", \"datetime\"]}}"}