{"app_master_city.py": "{\"user_defined_imports\" : [\"app.master\", \"app.master.model\", \"app\"], \"metadata\" : {\"functions_in_the_script\" : [\"get_city\", \"add_city\", \"edit_city\", \"delete_city\"], \"data_elements_in_the_script\" : {\"data_schema\": \"CitySchema object\", \"data\": \"SQLAlchemy Query object\", \"json_data\": \"list\", \"payload\": \"dict\", \"check_data\": \"SQLAlchemy Query object\", \"new_data\": \"City object\"}, \"classes_in_the_script\" : [\"City\", \"CitySchema\"], \"imported_pypi_libraries\" : [\"flask\", \"flask_login\"]}}"}