{"app___init__.py": "{\"user_defined_imports\" : [\"config\", \"app.auth\", \"app.main\", \"app.master\", \"app.employee\", \"app.transaction\", \"app.report\", \"app.model\"], \"metadata\" : {\"functions_in_the_script\" : [\"create_app\"], \"data_elements_in_the_script\" : {\"db\": \"SQLAlchemy\", \"migrate\": \"Migrate\", \"ma\": \"Marshmallow\", \"login\": \"LoginManager\", \"app\": \"Flask\"}, \"classes_in_the_script\" : [], \"imported_pypi_libraries\" : [\"logging\", \"os\", \"flask\", \"flask_sqlalchemy\", \"flask_migrate\", \"flask_login\", \"werkzeug.debug\", \"flask_marshmallow\", \"sentry_sdk\"]}}"}