{"app_master_model.py": "{\"user_defined_imports\" : [\"app\"], \"metadata\" : {\"functions_in_the_script\" : [], \"data_elements_in_the_script\" : {\"db\" : \"SQLAlchemy instance\", \"ma\": \"Marshmallow instance\"}, \"classes_in_the_script\" : [\"Company\", \"EmployeeCategory\", \"Location\", \"LocationSchema\", \"City\", \"CitySchema\", \"Appointment\", \"AppointmentSchema\", \"Department\", \"DepartmentSchema\", \"Post\", \"PostSchema\", \"Benefit\", \"BenefitSchema\", \"ModeOfPay\", \"PaySchema\", \"Performance\", \"PerformanceSchema\", \"AttendenceRules\", \"AttendenceRuleSchema\", \"EmployeeCatSchema\", \"CompanySchema\"], \"imported_pypi_libraries\" : []}}"}