{"app_transaction_model_sal.py": "{\"user_defined_imports\" : [\"app\", \"app.master.model\", \"app.employee.model\"], \"metadata\" : {\"functions_in_the_script\" : [], \"data_elements_in_the_script\" : {\"db\": \"library object\", \"ma\": \"library object\", \"datetime\": \"library object\", \"Post\": \"class object\", \"Department\": \"class object\", \"Company\": \"class object\", \"CompanySchema\": \"class object\", \"Benefit\": \"class object\", \"Location\": \"class object\", \"LocationSchema\": \"class object\", \"PostSchema\": \"class object\", \"DepartmentSchema\": \"class object\", \"BenefitSchema\": \"class object\", \"Employee\": \"class object\", \"EmployeeMainSchema\": \"class object\", \"TimestampMixin\": \"class object\", \"SalarySheet\": \"class object\", \"SalarySheetSlips\": \"class object\"}, \"classes_in_the_script\" : [\"TimestampMixin\", \"SalarySheet\", \"SalarySheetSlips\"], \"imported_pypi_libraries\" : [\"datetime\", \"marshmallow_sqlalchemy\"]}}"}