{"app_transaction_model_adv.py": "{\"user_defined_imports\" : [\"app\", \"app.master.model\", \"app.employee.model\"], \n\"metadata\" : {\n    \"functions_in_the_script\" : [], \n    \"data_elements_in_the_script\" : {\n        \"created\": \"Column\", \n        \"updated\": \"Column\", \n        \"id\": \"Column\", \n        \"employee\": \"relationship\", \n        \"company\": \"relationship\", \n        \"deduction\": \"Column\", \n        \"deduction_period\": \"Column\", \n        \"date\": \"Column\", \n        \"advanceamt\": \"Column\", \n        \"security\": \"Column\", \n        \"cheque_no\": \"Column\", \n        \"letter\": \"Column\", \n        \"trans\": \"Column\"\n    },\n    \"classes_in_the_script\" : [\"TimestampMixin\", \"Advance\", \"AdvanceSchema\"], \n    \"imported_pypi_libraries\" : [\"datetime\", \"marshmallow_sqlalchemy\"]\n    }\n}"}