{"app_main_firms.py": "{\"user_defined_imports\" : [\"app.main\", \"app.master.model\", \"app.employee.model\", \"app\"], \"metadata\" : {\"functions_in_the_script\" : [\"show_firms\", \"firms_info\"], \"data_elements_in_the_script\" : {\"data_schema\": \"CompanySchema\", \"data\": \"query result\", \"json_dump\": \"string\", \"temp_json\": \"list\", \"item\": \"dictionary\", \"all_emp\": \"query result\", \"emp\": \"Employee\"}, \"classes_in_the_script\" : [], \"imported_pypi_libraries\" : [\"flask\", \"flask_login\", \"json\"]}}"}