{"app_employee_model.py": "{\"user_defined_imports\" : [\"app\", \"app.master.model\"], \"metadata\" : {\"functions_in_the_script\" : [], \"data_elements_in_the_script\" : {\"db\": \"object\", \"ma\": \"object\", \"datetime\": \"class\", \"Post\": \"class\", \"Department\": \"class\", \"Company\": \"class\", \"CompanySchema\": \"class\", \"Benefit\": \"class\", \"Location\": \"class\", \"LocationSchema\": \"class\", \"PostSchema\": \"class\", \"DepartmentSchema\": \"class\", \"BenefitSchema\": \"class\", \"Appointment\": \"class\", \"AppointmentSchema\": \"class\", \"City\": \"class\", \"CitySchema\": \"class\", \"field_for\": \"function\"}, \"classes_in_the_script\" : [\"TimestampMixin\", \"Employee\", \"EmployeeBasicSchema\", \"EmployeeSchema\", \"EmployeeMainSchema\", \"EmployeeAdvanceSchema\"], \"imported_pypi_libraries\" : [\"datetime\", \"marshmallow_sqlalchemy\"]}}"}