{"app_transaction_salary_sheet.py": "{\"user_defined_imports\" : [\"app.transaction\", \"app.employee.model\", \"app.master.model\", \"app.transaction.model_att\", \"app.transaction.model_adv\", \"app.transaction.model_sal\", \"app\"], \"metadata\" : {\"functions_in_the_script\" : [\"show_sheet\", \"print_salatry_sheet_company\", \"delete_salatry_sheet_company\", \"print_salatry_sheet_selected\", \"salary_slips_emp\", \"salary_slips_emp_range\", \"process_sheet\", \"salary_generate_sheet\", \"get_processed_sheet\", \"generate_sheet\"], \"data_elements_in_the_script\" : {\"payload\": \"dict\", \"payload_date\": \"datetime\", \"emp_id\": \"str\", \"json_schema\": \"AttendenceSchema\", \"emp_att\": \"Attendence\", \"slips\": \"SalarySheetSlips\", \"json_data\": \"dict\", \"att_rules\": \"AttendenceRules\", \"late_comin_ratio\": \"float\", \"early_going_ratio\": \"float\", \"net_paid\": \"float\", \"net_advance_deduction\": \"float\", \"net_attendence\": \"dict\", \"check_data\": \"SalarySheet\", \"salary\": \"SalarySheet\", \"item\": \"dict\", \"emp\": \"Employee\", \"slip_data\": \"SalarySheetSlips\", \"pending_advance\": \"float\", \"new_data\": \"Advance\", \"saved_data\": \"SalarySheetSlips\", \"generate_data\": \"dict\", \"att_data\": \"Attendence\", \"today\": \"datetime\", \"year_start\": \"datetime\", \"year_end\": \"datetime\", \"att_data_schema\": \"AttendenceSchema\", \"json_att_data\": \"dict\", \"adv_data_schema\": \"AdvanceSchema\", \"att_item\": \"dict\", \"adv_data\": \"Advance\", \"json_adv_data\": \"dict\", \"net_advance_month\": \"float\", \"net_advance_year\": \"float\", \"net_deduction_month\": \"float\", \"net_deduction_year\": \"float\", \"outstanding_advance\": \"float\", \"adv_item\": \"dict\", \"net_deduction_advance\": \"float\", \"company\": \"str\", \"month\": \"str\"}, \"classes_in_the_script\" : [], \"imported_pypi_libraries\" : [\"flask\", \"flask_login\", \"datetime\", \"requests\", \"json\"]}}"}