{"app_master_appointment.py": "{\"user_defined_imports\" : [\"app.master\", \"app.master.model\", \"app\"], \"metadata\" : {\"functions_in_the_script\" : [\"get_appointment\", \"add_appointment\", \"edit_appointment\", \"delete_appointment\"], \"data_elements_in_the_script\" : {\"data_schema\": \"AppointmentSchema\", \"data\": \"Appointment\", \"json_data\": \"dump\", \"payload\": \"json\", \"check_data\": \"Appointment\", \"new_data\": \"Appointment\", \"e\": \"Exception\"}, \"classes_in_the_script\" : [\"Appointment\", \"AppointmentSchema\"], \"imported_pypi_libraries\" : [\"flask\", \"flask_login\"]}}"}