{"app_transaction_attendence.py": "{\"user_defined_imports\" : [\"flask\", \"app.transaction\", \"app.transaction.model_att\", \"app.employee.model\", \"app.master.model\", \"app\", \"datetime\", \"json\"], \"metadata\" : {\"functions_in_the_script\" : [\"show_attendence\", \"get_attendence\", \"emp_attendence\", \"summary_late_attendence\", \"save_attendence\", \"update_attendence\"], \"data_elements_in_the_script\" : {\"payload\": \"dict\", \"payload_date\": \"datetime\", \"company\": \"str\", \"data\": \"list\", \"data_schema\": \"AttendenceSchema\", \"json_data\": \"str\", \"emp_id\": \"str\", \"year\": \"datetime\", \"day_att\": \"list\", \"early_att\": \"list\", \"late_att\": \"list\", \"item\": \"Attendence\", \"index\": \"int\", \"today\": \"datetime\", \"all_emps\": \"list\", \"payload_late\": \"dict\", \"payload_early\": \"dict\", \"emp\": \"Employee\", \"day_att\": \"int\", \"early_att\": \"int\", \"late_att\": \"int\", \"company_schema\": \"CompanySchema\", \"payload_data\": \"dict\", \"payload\": \"dict\", \"payload_data\": \"dict\", \"table_columns\": \"tuple\", \"new_data\": \"Attendence\", \"val\": \"str\", \"saved_att\": \"Attendence\"}, \"classes_in_the_script\" : [], \"imported_pypi_libraries\" : [\"flask\", \"flask_login\", \"json\", \"datetime\"]}}"}