{"app_master_performance.py": "{\"user_defined_imports\" : [\"app.master\", \"app.master.model\", \"app\"], \"metadata\" : {\"functions_in_the_script\" : [\"get_perfomance\", \"add_perfomance\", \"edit_perfomance\", \"delete_perfomance\"], \"data_elements_in_the_script\" : {\"data_schema\": \"PerformanceSchema\", \"data\": \"Performance\", \"json_data\": \"list\", \"payload\": \"json\", \"check_data\": \"Performance\", \"new_data\": \"Performance\"}, \"classes_in_the_script\" : [], \"imported_pypi_libraries\" : [\"flask\", \"flask_login\"]}}"}