{"app_master_benefits.py": "{\"user_defined_imports\" : [\"app.master\", \"app.master.model\", \"app\"], \"metadata\" : {\"functions_in_the_script\" : [\"get_benefits\", \"add_benefits\", \"edit_benefits\", \"delete_benefits\"], \"data_elements_in_the_script\" : {\"data_schema\": \"BenefitSchema\", \"data\": \"Benefit\", \"json_data\": \"dict\", \"payload\": \"dict\", \"check_data\": \"Benefit\", \"new_data\": \"Benefit\"}, \"classes_in_the_script\" : [], \"imported_pypi_libraries\" : [\"flask\", \"flask_login\"]}}"}