{"app_transaction_model_per.py": "{\"user_defined_imports\" : [\"app\", \"app.master.model\", \"app.employee.model\"], \"metadata\" : {\"functions_in_the_script\" : [], \"data_elements_in_the_script\" : {\"db\": \"library\", \"ma\": \"library\", \"datetime\": \"library\", \"Performance\": \"class\", \"PerformanceSchema\": \"class\", \"field_for\": \"function\", \"Employee\": \"class\", \"EmployeeMainSchema\": \"class\", \"TimestampMixin\": \"class\", \"TransPerformance\": \"class\", \"PerformanceItem\": \"class\", \"PerformanceItemSchema\": \"class\", \"TransPerformanceSchema\": \"class\"}, \"classes_in_the_script\" : [\"TimestampMixin\", \"TransPerformance\", \"PerformanceItem\", \"PerformanceItemSchema\", \"TransPerformanceSchema\"], \"imported_pypi_libraries\" : [\"datetime\", \"marshmallow_sqlalchemy\"]}}"}