{"app_transaction_advance.py": "{\"user_defined_imports\" : [\"flask\", \"app.transaction\", \"app.transaction.model_adv\", \"app.employee.model\", \"app.master.model\", \"app\", \"datetime\"], \"metadata\" : {\"functions_in_the_script\" : [\"show_advance\", \"get_advance_for_emp\", \"get_advance_firm\", \"get_advance\", \"save_advance\", \"update_advance\", \"delete_advance\"], \"data_elements_in_the_script\" : {\"today\": \"datetime\", \"year_start\": \"datetime\", \"year_end\": \"datetime\", \"payload\": \"json\", \"payload_data\": \"json\", \"payload_date\": \"datetime\", \"table_columns\": \"tuple\", \"new_data\": \"Advance instance\", \"emp\": \"Employee instance\", \"comp\": \"Company instance\", \"saved_att\": \"Attendence instance\", \"advance\": \"Advance Query object\"}, \"classes_in_the_script\" : [\"Advance\", \"AdvanceSchema\", \"Employee\", \"EmployeeAdvanceSchema\", \"Company\"], \"imported_pypi_libraries\" : [\"flask\", \"flask_login\", \"json\", \"datetime\"]}}"}