{"app_master_routes.py": "{\"user_defined_imports\" : [\"app.master\", \"app.master.model\", \"app\"], \"metadata\" : {\"functions_in_the_script\" : [\"view_master\", \"view_company\", \"add_company\", \"edit_company\", \"delete_company\", \"get_location\", \"add_location\", \"edit_location\", \"delete_location\", \"get_cat\", \"add_cat\", \"edit_cat\", \"delete_cat\"], \"data_elements_in_the_script\" : {\"payload\": \"json\", \"data_schema\": \"object\", \"data\": \"list\", \"location\": \"object\", \"new_data\": \"object\", \"check_data\": \"object\", \"json_data\": \"json\"}, \"classes_in_the_script\" : [], \"imported_pypi_libraries\" : [\"flask\", \"flask_login\", \"sqlalchemy\"]}}"}