{"app_master_post.py": "{\"user_defined_imports\" : [\"app.master\", \"app.master.model\", \"app\"], \"metadata\" : {\"functions_in_the_script\" : [\"get_post\", \"add_post\", \"edit_post\", \"delete_post\"], \"data_elements_in_the_script\" : {\"data_schema\": \"PostSchema class instance\", \"data\": \"SQLAlchemy query result\", \"json_data\": \"Dumped data from PostSchema\", \"payload\": \"JSON data\", \"check_data\": \"SQLAlchemy query result\", \"new_data\": \"Post class instance\"}, \"classes_in_the_script\" : [\"Post\", \"PostSchema\"], \"imported_pypi_libraries\" : [\"flask\", \"flask_login\"]}}"}