{"app_master_pay.py": "{\"user_defined_imports\" : [\"app.master\", \"app.master.model\", \"app\"], \"metadata\" : {\"functions_in_the_script\" : [\"get_pay\", \"add_pay\", \"edit_pay\", \"delete_pay\"], \"data_elements_in_the_script\" : {\"data_schema\": \"PaySchema\", \"data\": \"ModeOfPay\", \"json_data\": \"dict\", \"payload\": \"dict\", \"check_data\": \"ModeOfPay\", \"new_data\": \"ModeOfPay\", \"e\": \"Exception\"}, \"classes_in_the_script\" : [], \"imported_pypi_libraries\" : [\"flask\", \"flask_login\"]}}"}