{"migrations_env.py": "{\"user_defined_imports\" : [\"alembic\", \"sqlalchemy\", \"logging\", \"flask\"], \"metadata\" : {\"functions_in_the_script\" : [\"run_migrations_offline\", \"run_migrations_online\", \"process_revision_directives\"], \"data_elements_in_the_script\" : {\"config\": \"object\", \"logger\": \"object\", \"target_metadata\": \"object\", \"url\": \"string\", \"connectable\": \"object\", \"connection\": \"object\", \"script\": \"object\", \"revision\": \"object\", \"directives\": \"list\"}, \"classes_in_the_script\" : [], \"imported_pypi_libraries\" : [\"sqlalchemy\", \"alembic\", \"logging\", \"flask\"]}}"}