{"app___init__.py": "{\n\"functions_in_the_script\":[\"create_app\"],\n\"metadata\":{\n    \"create_app\":{\n        \"data_elements\":{\n            \"app\":\"Flask object\",\n            \"config_class\":\"class\",\n            \"db\":\"SQLAlchemy object\",\n            \"migrate\":\"Migrate object\",\n            \"login\":\"LoginManager object\",\n            \"ma\":\"Marshmallow object\"\n        },\n        \"calls_made\":[\n            \"Flask()\",\n            \"app.config.from_object()\",\n            \"db.init_app()\",\n            \"migrate.init_app()\",\n            \"login.init_app()\",\n            \"ma.init_app()\",\n            \"sentry_sdk.init()\",\n            \"app.app_context()\",\n            \"app.register_blueprint()\",\n            \"db.create_all()\",\n            \"Role()\",\n            \"Role.query.first()\",\n            \"db.session.add()\",\n            \"db.session.commit()\"\n        ],\n        \"function_input\":{\n            \"config_class\":\"class\"\n        },\n        \"function_output\":{\n            \"app\":\"Flask object\"\n        }\n    }\n}\n}"}