{"app_master_post.py": "{\n\"functions_in_the_script\":[\"get_post\", \"add_post\", \"edit_post\", \"delete_post\"],\n\"metadata\":{\n    \"get_post\":{\n        \"data_elements\":{\n            \"data_schema\":\"PostSchema object\",\n            \"data\":\"SQLAlchemy BaseQuery object\",\n            \"json_data\":\"list of dict\"\n        },\n        \"calls_made\":[\n            \"request.method\",\n            \"PostSchema\",\n            \"Post.query.all\",\n            \"data_schema.dump\",\n            \"jsonify\"\n        ],\n        \"function_input\":{},\n        \"function_output\":{\n            \"json_data\":\"JSON\"\n        }\n    },\n    \"add_post\":{\n        \"data_elements\":{\n            \"payload\":\"dict\",\n            \"check_data\":\"SQLAlchemy BaseQuery object\",\n            \"new_data\":\"Post object\"\n        },\n        \"calls_made\":[\n            \"request.method\",\n            \"request.json\",\n            \"Post.query.filter_by\",\n            \"check_data.first\",\n            \"jsonify\",\n            \"Post\",\n            \"db.session.add\",\n            \"db.session.commit\",\n            \"db.session.rollback\",\n            \"db.session.close\"\n        ],\n        \"function_input\":{},\n        \"function_output\":{\n            \"message\":\"JSON\"\n        }\n    },\n    \"edit_post\":{\n        \"data_elements\":{\n            \"payload\":\"dict\",\n            \"check_data\":\"SQLAlchemy BaseQuery object\",\n            \"new_data\":\"Post object\"\n        },\n        \"calls_made\":[\n            \"request.method\",\n            \"request.json\",\n            \"Post.query.filter_by\",\n            \"check_data.first\",\n            \"jsonify\",\n            \"Post.query.filter_by.first\",\n            \"db.session.commit\",\n            \"db.session.rollback\",\n            \"db.session.close\"\n        ],\n        \"function_input\":{},\n        \"function_output\":{\n            \"message\":\"JSON\"\n        }\n    },\n    \"delete_post\":{\n        \"data_elements\":{\n            \"payload\":\"dict\",\n            \"check_data\":\"SQLAlchemy BaseQuery object\"\n        },\n        \"calls_made\":[\n            \"request.method\",\n            \"request.json\",\n            \"Post.query.filter_by\",\n            \"check_data.first\",\n            \"jsonify\",\n            \"check_data.delete\",\n            \"db.session.commit\",\n            \"db.session.rollback\",\n            \"db.session.close\"\n        ],\n        \"function_input\":{},\n        \"function_output\":{\n            \"message\":\"JSON\"\n        }\n    }\n}\n}"}