{"app_master_performance.py": "{\n\"functions_in_the_script\":[\"get_perfomance\", \"add_perfomance\", \"edit_perfomance\", \"delete_perfomance\"],\n\"metadata\":{\n    \"get_perfomance\":{\n        \"data_elements\":{\n            \"data_schema\":\"PerformanceSchema object\",\n            \"data\":\"SQLAlchemy BaseQuery object\",\n            \"json_data\":\"list\"\n        },\n        \"calls_made\":[\"PerformanceSchema\", \"Performance.query.all\", \"data_schema.dump\", \"jsonify\"],\n        \"function_input\":{\n            \"request.method\":\"str\"\n        },\n        \"function_output\":{\n            \"jsonify\":\"json\"\n        }\n    },\n    \"add_perfomance\":{\n        \"data_elements\":{\n            \"payload\":\"dict\",\n            \"check_data\":\"SQLAlchemy BaseQuery object\",\n            \"new_data\":\"Performance object\",\n            \"e\":\"Exception object\"\n        },\n        \"calls_made\":[\"request.json\", \"Performance.query.filter_by\", \"Performance\", \"db.session.add\", \"db.session.commit\", \"jsonify\", \"db.session.rollback\", \"db.session.close\"],\n        \"function_input\":{\n            \"request.method\":\"str\",\n            \"request.json\":\"dict\"\n        },\n        \"function_output\":{\n            \"jsonify\":\"json\"\n        }\n    },\n    \"edit_perfomance\":{\n        \"data_elements\":{\n            \"payload\":\"dict\",\n            \"check_data\":\"SQLAlchemy BaseQuery object\",\n            \"new_data\":\"Performance object\",\n            \"e\":\"Exception object\"\n        },\n        \"calls_made\":[\"request.json\", \"Performance.query.filter_by\", \"Performance.query.filter_by.first\", \"db.session.commit\", \"jsonify\", \"db.session.rollback\", \"db.session.close\"],\n        \"function_input\":{\n            \"request.method\":\"str\",\n            \"request.json\":\"dict\"\n        },\n        \"function_output\":{\n            \"jsonify\":\"json\"\n        }\n    },\n    \"delete_perfomance\":{\n        \"data_elements\":{\n            \"payload\":\"dict\",\n            \"check_data\":\"SQLAlchemy BaseQuery object\",\n            \"e\":\"Exception object\"\n        },\n        \"calls_made\":[\"request.json\", \"Performance.query.filter_by\", \"check_data.delete\", \"db.session.commit\", \"jsonify\", \"db.session.rollback\", \"db.session.close\"],\n        \"function_input\":{\n            \"request.method\":\"str\",\n            \"request.json\":\"dict\"\n        },\n        \"function_output\":{\n            \"jsonify\":\"json\"\n        }\n    }\n}\n}"}