{"app_master_city.py": "{\n\"functions_in_the_script\":[\"get_city\",\"add_city\",\"edit_city\",\"delete_city\"],\n\"metadata\":{\n    \"get_city\":{\n        \"data_elements\":{\n            \"data_schema\":\"CitySchema object\",\n            \"data\":\"SQLAlchemy BaseQuery object\",\n            \"json_data\":\"List\"\n        },\n        \"calls_made\":[\"CitySchema\", \"City.query.all\", \"data_schema.dump\", \"jsonify\"],\n        \"function_input\":{},\n        \"function_output\":{\n            \"json_data\":\"JSON\"\n        }\n    },\n    \"add_city\":{\n        \"data_elements\":{\n            \"payload\":\"Dictionary\",\n            \"check_data\":\"SQLAlchemy BaseQuery object\",\n            \"new_data\":\"City object\"\n        },\n        \"calls_made\":[\"request.json\",\"City.query.filter_by\", \"check_data.first\", \"jsonify\", \"City\", \"db.session.add\", \"db.session.commit\", \"db.session.rollback\", \"db.session.close\"],\n        \"function_input\":{\n            \"payload\":\"JSON\"\n        },\n        \"function_output\":{\n            \"message\":\"JSON\"\n        }\n    },\n    \"edit_city\":{\n        \"data_elements\":{\n            \"payload\":\"Dictionary\",\n            \"check_data\":\"SQLAlchemy BaseQuery object\",\n            \"new_data\":\"City object\"\n        },\n        \"calls_made\":[\"request.json\",\"City.query.filter_by\", \"check_data.first\", \"jsonify\", \"City.query.filter_by\", \"db.session.commit\", \"db.session.rollback\", \"db.session.close\"],\n        \"function_input\":{\n            \"payload\":\"JSON\"\n        },\n        \"function_output\":{\n            \"message\":\"JSON\"\n        }\n    },\n    \"delete_city\":{\n        \"data_elements\":{\n            \"payload\":\"Dictionary\",\n            \"check_data\":\"SQLAlchemy BaseQuery object\"\n        },\n        \"calls_made\":[\"request.json\",\"City.query.filter_by\", \"check_data.first\", \"check_data.delete\", \"db.session.commit\", \"db.session.rollback\", \"db.session.close\", \"jsonify\"],\n        \"function_input\":{\n            \"payload\":\"JSON\"\n        },\n        \"function_output\":{\n            \"message\":\"JSON\"\n        }\n    }\n}\n}"}