{"app_model.py": "{\n\"functions_in_the_script\":[\"__repr__\",\"set_password\",\"check_password\",\"load_user\"],\n\"metadata\":{\n  \"__repr__\":{\n    \"data_elements\":{\n      \"self\":\"User instance\"\n    },\n    \"calls_made\":[],\n    \"function_input\":{\n      \"self\":\"User instance\"\n    },\n    \"function_output\":{\n      \"return_value\":\"string\"\n    }\n  },\n  \"set_password\":{\n    \"data_elements\":{\n      \"self\":\"User instance\",\n      \"password\":\"string\"\n    },\n    \"calls_made\":[\"generate_password_hash\"],\n    \"function_input\":{\n      \"self\":\"User instance\",\n      \"password\":\"string\"\n    },\n    \"function_output\":{}\n  },\n  \"check_password\":{\n    \"data_elements\":{\n      \"self\":\"User instance\",\n      \"password\":\"string\"\n    },\n    \"calls_made\":[\"check_password_hash\"],\n    \"function_input\":{\n      \"self\":\"User instance\",\n      \"password\":\"string\"\n    },\n    \"function_output\":{\n      \"return_value\":\"boolean\"\n    }\n  },\n  \"load_user\":{\n    \"data_elements\":{\n      \"id\":\"integer\"\n    },\n    \"calls_made\":[\"User.query.get\"],\n    \"function_input\":{\n      \"id\":\"integer\"\n    },\n    \"function_output\":{\n      \"return_value\":\"User instance or None\"\n    }\n  }\n}\n}"}