{"app_report_routes.py": "{\n\"functions_in_the_script\":[\"view_slips\", \"view_sheet\", \"view_advance\", \"view_attendence\", \"view_performance\"],\n\"metadata\":{\n    \"view_slips\":{\n        \"data_elements\":{},\n        \"calls_made\":[\"render_template\"],\n        \"function_input\":{},\n        \"function_output\":{\"return_value\":\"html page as a string\"}\n    },\n    \"view_sheet\":{\n        \"data_elements\":{},\n        \"calls_made\":[\"render_template\"],\n        \"function_input\":{},\n        \"function_output\":{\"return_value\":\"html page as a string\"}\n    },\n    \"view_advance\":{\n        \"data_elements\":{},\n        \"calls_made\":[\"render_template\"],\n        \"function_input\":{},\n        \"function_output\":{\"return_value\":\"html page as a string\"}\n    },\n    \"view_attendence\":{\n        \"data_elements\":{},\n        \"calls_made\":[\"render_template\"],\n        \"function_input\":{},\n        \"function_output\":{\"return_value\":\"html page as a string\"}\n    },\n    \"view_performance\":{\n        \"data_elements\":{},\n        \"calls_made\":[\"render_template\"],\n        \"function_input\":{},\n        \"function_output\":{\"return_value\":\"html page as a string\"}\n    }\n}\n}"}