{"app_master_department.py": "{\n\"functions_in_the_script\":[\"get_department\", \"add_department\", \"edit_department\", \"delete_department\"],\n\"metadata\":{\n    \"get_department\":{\n        \"data_elements\":{\n            \"data_schema\":\"DepartmentSchema object\",\n            \"data\":\"SQLAlchemy BaseQuery object\",\n            \"json_data\":\"List of Department objects\"\n        },\n        \"calls_made\":[\"DepartmentSchema\", \"Department.query.all\", \"data_schema.dump\", \"jsonify\"],\n        \"function_input\":{},\n        \"function_output\":{\"json_data\":\"JSON\"}\n    },\n    \"add_department\":{\n        \"data_elements\":{\n            \"payload\":\"Dict\",\n            \"check_data\":\"SQLAlchemy BaseQuery object\",\n            \"new_data\":\"Department object\",\n            \"e\":\"Exception object\"\n        },\n        \"calls_made\":[\"request.json\", \"Department.query.filter_by\", \"check_data.first\", \"jsonify\", \"Department\", \"db.session.add\", \"db.session.commit\", \"db.session.rollback\", \"db.session.close\", \"str\"],\n        \"function_input\":{},\n        \"function_output\":{\"json_data\":\"JSON\"}\n    },\n    \"edit_department\":{\n        \"data_elements\":{\n            \"payload\":\"Dict\",\n            \"check_data\":\"SQLAlchemy BaseQuery object\",\n            \"new_data\":\"Department object\",\n            \"e\":\"Exception object\"\n        },\n        \"calls_made\":[\"request.json\", \"Department.query.filter_by\", \"check_data.first\", \"jsonify\", \"Department.query.filter_by\", \"db.session.commit\", \"db.session.rollback\", \"db.session.close\", \"str\"],\n        \"function_input\":{},\n        \"function_output\":{\"json_data\":\"JSON\"}\n    },\n    \"delete_department\":{\n        \"data_elements\":{\n            \"payload\":\"Dict\",\n            \"check_data\":\"SQLAlchemy BaseQuery object\",\n            \"e\":\"Exception object\"\n        },\n        \"calls_made\":[\"request.json\", \"Department.query.filter_by\", \"check_data.first\", \"len\", \"check_data.delete\", \"db.session.commit\", \"db.session.rollback\", \"db.session.close\", \"jsonify\", \"str\"],\n        \"function_input\":{},\n        \"function_output\":{\"json_data\":\"JSON\"}\n    }\n}\n}"}