{"app_employee_add_employee.py": "{\"functions_in_the_script\": [\"allowed_file\", \"new\", \"edit_view_employee\", \"update_employee\", \"edit_employee\", \"add_emp\"], \"metadata\": {\"allowed_file\": {\"data_elements\": {\"filename\": \"str\"}, \"calls_made\": [\"rsplit\"], \"function_input\": {\"filename\": \"str\"}, \"function_output\": {\"return_value\": \"bool\"}}, \"new\": {\"data_elements\": {}, \"calls_made\": [\"render_template\"], \"function_input\": {}, \"function_output\": {\"return_value\": \"str\"}}, \"edit_view_employee\": {\"data_elements\": {\"id\": \"str\"}, \"calls_made\": [\"render_template\"], \"function_input\": {\"id\": \"str\"}, \"function_output\": {\"return_value\": \"str\"}}, \"update_employee\": {\"data_elements\": {\"payload\": \"json\", \"emp_fields\": \"tuple\", \"new_data\": \"Employee object\", \"temp\": \"str\", \"val\": \"str\", \"tempfolder\": \"str\", \"fields\": \"str\", \"file\": \"file object\", \"filename\": \"str\", \"foldertemp\": \"str\", \"filetemp\": \"str\", \"e\": \"Exception object\", \"errorInfo\": \"tuple\"}, \"calls_made\": [\"json.loads\", \"Employee.query.filter_by\", \"Post.query.filter_by\", \"Department.query.filter_by\", \"Company.query.filter_by\", \"Appointment.query.filter_by\", \"Location.query.filter_by\", \"Benefit.query.filter_by\", \"setattr\", \"request.files\", \"allowed_file\", \"secure_filename\", \"os.path.join\", \"os.path.exists\", \"os.makedirs\", \"shutil.rmtree\", \"print\", \"db.session.add\", \"db.session.commit\", \"db.session.rollback\", \"jsonify\"], \"function_input\": {}, \"function_output\": {\"return_value\": \"json\"}}, \"edit_employee\": {\"data_elements\": {\"id\": \"str\", \"data\": \"Employee object\", \"data_schema\": \"EmployeeSchema object\", \"json_data\": \"json\"}, \"calls_made\": [\"Employee.query.filter_by\", \"EmployeeSchema.dumps\", \"jsonify\"], \"function_input\": {\"id\": \"str\"}, \"function_output\": {\"return_value\": \"json\"}}, \"add_emp\": {\"data_elements\": {\"payload\": \"json\", \"emp_fields\": \"tuple\", \"new_data\": \"Employee object\", \"tempfolder\": \"str\", \"temp\": \"str\", \"val\": \"str\", \"fields\": \"str\", \"file\": \"file object\", \"filename\": \"str\", \"foldertemp\": \"str\", \"filetemp\": \"str\", \"e\": \"Exception object\", \"errorInfo\": \"tuple\"}, \"calls_made\": [\"json.loads\", \"Post.query.filter_by\", \"Department.query.filter_by\", \"Company.query.filter_by\", \"Appointment.query.filter_by\", \"City.query.filter_by\", \"Benefit.query.filter_by\", \"setattr\", \"request.files\", \"allowed_file\", \"secure_filename\", \"os.path.join\", \"os.path.exists\", \"os.makedirs\", \"shutil.rmtree\", \"print\", \"db.session.add\", \"db.session.commit\", \"db.session.rollback\", \"jsonify\"], \"function_input\": {}, \"function_output\": {\"return_value\": \"json\"}}}}"}