{"app_transaction_model_sal.py": "{\n\"functions_in_the_script\":[\"__init__ in SalarySheet\", \"__init__ in SalarySheetSlips\"],\n\"metadata\":{\n    \"__init__ in SalarySheet\":{\n        \"data_elements\":{\n            \"self\":\"SalarySheet object\",\n            \"month\":\"datetime object\",\n            \"deductionsamt\":\"float\",\n            \"paidamt\":\"float\",\n            \"attendence\":\"string\"\n        },\n        \"calls_made\":[],\n        \"function_input\":{\n            \"month\":\"datetime object\",\n            \"deductionsamt\":\"float\",\n            \"paidamt\":\"float\",\n            \"attendence\":\"string\"\n        },\n        \"function_output\":{}\n    },\n    \"__init__ in SalarySheetSlips\":{\n        \"data_elements\":{\n            \"self\":\"SalarySheetSlips object\",\n            \"adv_deduction\":\"float\",\n            \"date\":\"datetime object\"\n        },\n        \"calls_made\":[],\n        \"function_input\":{\n            \"adv_deduction\":\"float\",\n            \"date\":\"datetime object\"\n        },\n        \"function_output\":{}\n    }\n}\n}"}