{"app_transaction_advance.py": "{\n\"functions_in_the_script\": [\"show_advance\", \"get_advance_for_emp\", \"get_advance_firm\", \"get_advance\", \"save_advance\", \"update_advance\", \"delete_advance\"], \n\"metadata\": {\n    \"show_advance\": {\n        \"data_elements\": {},\n        \"calls_made\": [\"render_template\"],\n        \"function_input\": {},\n        \"function_output\": {\"return\": \"str\"}\n    }, \n    \"get_advance_for_emp\": {\n        \"data_elements\": {\"data_schema\": \"EmployeeAdvanceSchema\", \"data\": \"Employee\", \"json_data\": \"str\"},\n        \"calls_made\": [\"Employee.query.filter_by\", \"data_schema.dumps\", \"jsonify\"],\n        \"function_input\": {\"id\": \"str\"},\n        \"function_output\": {\"return\": \"str\"}\n    },\n    \"get_advance_firm\": {\n        \"data_elements\": {\"data\": \"Company\", \"data_t\": \"Company\", \"adv\": \"Advance\", \"data_schema\": \"AdvanceSchema\", \"json_data\": \"str\"},\n        \"calls_made\": [\"Company.query.first\", \"Company.query.all\", \"Advance.query.filter\", \"data_schema.dumps\", \"jsonify\"],\n        \"function_input\": {\"id\": \"str\"},\n        \"function_output\": {\"return\": \"str\"}\n    },\n    \"get_advance\": {\n        \"data_elements\": {\"today\": \"datetime\", \"year_start\": \"datetime\", \"year_end\": \"datetime\", \"data\": \"Advance\", \"data_schema\": \"AdvanceSchema\", \"json_data\": \"str\"},\n        \"calls_made\": [\"Advance.query.filter\", \"data_schema.dumps\", \"jsonify\"],\n        \"function_input\": {\"emp_id\": \"str\"},\n        \"function_output\": {\"return\": \"str\"}\n    },\n    \"save_advance\": {\n        \"data_elements\": {\"payload\": \"dict\", \"payload_data\": \"dict\", \"payload_date\": \"datetime\", \"table_columns\": \"tuple\", \"new_data\": \"Advance\", \"emp\": \"Employee\", \"comp\": \"Company\"},\n        \"calls_made\": [\"request.json\", \"datetime\", \"Employee.query.filter_by\", \"Company.query.filter_by\", \"new_data.employee.append\", \"new_data.company.append\", \"setattr\", \"db.session.add\", \"db.session.commit\", \"jsonify\"],\n        \"function_input\": {},\n        \"function_output\": {\"return\": \"str\"}\n    },\n    \"update_advance\": {\n        \"data_elements\": {\"payload\": \"dict\", \"table_columns\": \"tuple\", \"saved_att\": \"Attendence\"},\n        \"calls_made\": [\"request.json\", \"db.session.query.filter_by\", \"setattr\", \"db.session.commit\", \"jsonify\"],\n        \"function_input\": {},\n        \"function_output\": {\"return\": \"str\"}\n    },\n    \"delete_advance\": {\n        \"data_elements\": {\"advance\": \"Advance\"},\n        \"calls_made\": [\"Advance.query.filter_by\", \"jsonify\", \"db.session.commit\"],\n        \"function_input\": {\"adv_id\": \"str\"},\n        \"function_output\": {\"return\": \"str\"}\n    }\n  }\n}"}