{"app_master_routes.py": "{\n\"functions_in_the_script\": [\"view_master\", \"view_company\", \"add_company\", \"edit_company\", \"delete_company\", \"get_location\", \"add_location\", \"edit_location\", \"delete_location\", \"get_cat\", \"add_cat\", \"edit_cat\", \"delete_cat\"],\n\"metadata\": {\n    \"view_master\": {\n        \"data_elements\": {},\n        \"calls_made\": [\"render_template\"],\n        \"function_input\": {},\n        \"function_output\": {\"return_value\": \"string\"}\n    },\n    \"view_company\": {\n        \"data_elements\": {\"data_schema\": \"CompanySchema\", \"data\": \"Company\"},\n        \"calls_made\": [\"CompanySchema\", \"Company.query.all\", \"jsonify\"],\n        \"function_input\": {},\n        \"function_output\": {\"return_value\": \"json\"}\n    },\n    \"add_company\": {\n        \"data_elements\": {\"payload\": \"json\", \"location\": \"Location\", \"new_data\": \"Company\"},\n        \"calls_made\": [\"Location.query.filter_by\", \"Company\", \"db.session.add\", \"db.session.commit\", \"jsonify\"],\n        \"function_input\": {\"payload\": \"json\"},\n        \"function_output\": {\"return_value\": \"json\"}\n    },\n    \"edit_company\": {\n        \"data_elements\": {\"payload\": \"json\", \"location\": \"Location\", \"data_schema\": \"LocationSchema\", \"json_data\": \"json\", \"check_data\": \"Company\", \"new_data\": \"Company\"},\n        \"calls_made\": [\"Location.query.filter_by\", \"LocationSchema.dump\", \"Company.query.filter_by\", \"db.session.commit\", \"jsonify\"],\n        \"function_input\": {\"payload\": \"json\"},\n        \"function_output\": {\"return_value\": \"json\"}\n    },\n    \"delete_company\": {\n        \"data_elements\": {\"payload\": \"json\", \"check_data\": \"Company\"},\n        \"calls_made\": [\"Company.query.filter_by\", \"db.session.commit\", \"jsonify\"],\n        \"function_input\": {\"payload\": \"json\"},\n        \"function_output\": {\"return_value\": \"json\"}\n    },\n    \"get_location\": {\n        \"data_elements\": {\"data_schema\": \"LocationSchema\", \"data\": \"Location\", \"json_data\": \"json\"},\n        \"calls_made\": [\"LocationSchema\", \"Location.query.all\", \"jsonify\"],\n        \"function_input\": {},\n        \"function_output\": {\"return_value\": \"json\"}\n    },\n    \"add_location\": {\n        \"data_elements\": {\"payload\": \"json\", \"check_data\": \"Location\", \"new_data\": \"Location\"},\n        \"calls_made\": [\"Location.query.filter_by\", \"Location\", \"db.session.add\", \"db.session.commit\", \"jsonify\"],\n        \"function_input\": {\"payload\": \"json\"},\n        \"function_output\": {\"return_value\": \"json\"}\n    },\n    \"edit_location\": {\n        \"data_elements\": {\"payload\": \"json\", \"check_data\": \"Location\", \"new_data\": \"Location\"},\n        \"calls_made\": [\"Location.query.filter_by\", \"db.session.commit\", \"jsonify\"],\n        \"function_input\": {\"payload\": \"json\"},\n        \"function_output\": {\"return_value\": \"json\"}\n    },\n    \"delete_location\": {\n        \"data_elements\": {\"payload\": \"json\", \"check_data\": \"Location\"},\n        \"calls_made\": [\"Location.query.filter_by\", \"db.session.commit\", \"jsonify\"],\n        \"function_input\": {\"payload\": \"json\"},\n        \"function_output\": {\"return_value\": \"json\"}\n    },\n    \"get_cat\": {\n        \"data_elements\": {\"data_schema\": \"EmployeeCatSchema\", \"data\": \"EmployeeCategory\", \"json_data\": \"json\"},\n        \"calls_made\": [\"EmployeeCatSchema\", \"EmployeeCategory.query.all\", \"jsonify\"],\n        \"function_input\": {},\n        \"function_output\": {\"return_value\": \"json\"}\n    },\n    \"add_cat\": {\n        \"data_elements\": {\"payload\": \"json\", \"check_data\": \"EmployeeCategory\", \"new_data\": \"EmployeeCategory\"},\n        \"calls_made\": [\"EmployeeCategory.query.filter_by\", \"EmployeeCategory\", \"db.session.add\", \"db.session.commit\", \"jsonify\"],\n        \"function_input\": {\"payload\": \"json\"},\n        \"function_output\": {\"return_value\": \"json\"}\n    },\n    \"edit_cat\": {\n        \"data_elements\": {\"payload\": \"json\", \"check_data\": \"EmployeeCategory\", \"new_data\": \"EmployeeCategory\"},\n        \"calls_made\": [\"EmployeeCategory.query.filter_by\", \"db.session.commit\", \"jsonify\"],\n        \"function_input\": {\"payload\": \"json\"},\n        \"function_output\": {\"return_value\": \"json\"}\n    },\n    \"delete_cat\": {\n        \"data_elements\": {\"payload\": \"json\", \"check_data\": \"EmployeeCategory\"},\n        \"calls_made\": [\"EmployeeCategory.query.filter_by\", \"db.session.commit\", \"jsonify\"],\n        \"function_input\": {\"payload\": \"json\"},\n        \"function_output\": {\"return_value\": \"json\"}\n    }\n}\n}"}