{"app_transaction_model_per.py": "{\n\"functions_in_the_script\":[\"TransPerformance.__init__\", \"PerformanceItem.__init__\"],\n\"metadata\":{\n    \"TransPerformance.__init__\":{\n        \"data_elements\":{\n            \"self.fromdate\":\"db.DateTime\",\n            \"self.emp_id\":\"db.Integer\",\n            \"self.todate\":\"db.DateTime\"\n        },\n        \"calls_made\":[],\n        \"function_input\":{\n            \"emp_id\":\"Integer\",\n            \"fromdate\":\"DateTime\",\n            \"todate\":\"DateTime\"\n        },\n        \"function_output\":{}\n    },\n    \"PerformanceItem.__init__\":{\n        \"data_elements\":{\n            \"self.performance\":\"Performance\",\n            \"self.obt_score\":\"db.Integer\"\n        },\n        \"calls_made\":[],\n        \"function_input\":{\n            \"performance\":\"Performance\",\n            \"obt_score\":\"Integer\"\n        },\n        \"function_output\":{}\n    }\n  }\n}"}