{"app_employee_show_employee.py": "{\n\"functions_in_the_script\": [\"show_employee\", \"get_detail\", \"get_basic\", \"delete_employee\", \"view_employee_detail\", \"get_by_company\"],\n\"metadata\": \n{\n    \"show_employee\": {\n        \"data_elements\": {},\n        \"calls_made\": [\"render_template\"],\n        \"function_input\": {},\n        \"function_output\": {\"output\": \"HTML\"}\n    },\n    \"get_detail\": {\n        \"data_elements\": {\"id\": \"String\", \"data_schema\": \"EmployeeSchema\", \"data\": \"Employee\", \"json_data\": \"JSON\"},\n        \"calls_made\": [\"EmployeeSchema\", \"Employee.query.filter_by\", \"data_schema.dumps\", \"jsonify\"],\n        \"function_input\": {\"id\": \"String\"},\n        \"function_output\": {\"json_data\": \"JSON\"}\n    },\n    \"get_basic\": {\n        \"data_elements\": {\"data_schema\": \"EmployeeBasicSchema\", \"data\": \"Employee\", \"json_data\": \"JSON\"},\n        \"calls_made\": [\"EmployeeBasicSchema\", \"Employee.query.filter\", \"data_schema.dumps\", \"jsonify\"],\n        \"function_input\": {},\n        \"function_output\": {\"json_data\": \"JSON\"}\n    },\n    \"delete_employee\": {\n        \"data_elements\": {\"emp_id\": \"String\", \"emp\": \"Employee\"},\n        \"calls_made\": [\"Employee.query.filter_by\", \"jsonify\", \"db.session.commit\"],\n        \"function_input\": {\"emp_id\": \"String\"},\n        \"function_output\": {\"json_data\": \"JSON\"}\n    },\n    \"view_employee_detail\": {\n        \"data_elements\": {\"emp_id\": \"String\"},\n        \"calls_made\": [\"render_template\"],\n        \"function_input\": {\"emp_id\": \"String\"},\n        \"function_output\": {\"output\": \"HTML\"}\n    },\n    \"get_by_company\": {\n        \"data_elements\": {\"companyid\": \"String\", \"employee_schema\": \"EmployeeMainSchema\", \"data\": \"Employee\", \"json_data\": \"JSON\"},\n        \"calls_made\": [\"EmployeeMainSchema\", \"Employee.query.filter\", \"employee_schema.dumps\", \"jsonify\"],\n        \"function_input\": {\"companyid\": \"String\"},\n        \"function_output\": {\"json_data\": \"JSON\"}\n    }\n}\n}"}