{"app_transaction_quickinput.py": "{\n\"functions_in_the_script\":[\"show_quick\", \"get_quick_emp\", \"add_quick\"],\n\"metadata\":{\n    \"show_quick\":{\n        \"data_elements\":{},\n        \"calls_made\":[\"render_template\"],\n        \"function_input\":{},\n        \"function_output\":{\"variable_name\":\"html_template\",\"output_data_type\":\"str\"}\n    },\n    \"get_quick_emp\":{\n        \"data_elements\":{\n            \"payload\":\"dict\",\n            \"data_schema\":\"QuickInputSchema\",\n            \"fromdate\":\"datetime\",\n            \"todate\":\"datetime\",\n            \"data\":\"QuickInput\",\n            \"json_data\":\"str\"\n        },\n        \"calls_made\":[\"request.json\", \"str.split\", \"datetime\", \"QuickInput.query.filter\", \"QuickInputSchema.dumps\", \"jsonify\"],\n        \"function_input\":{},\n        \"function_output\":{\"variable_name\":\"json_data\",\"output_data_type\":\"str\"}\n    },\n    \"add_quick\":{\n        \"data_elements\":{\n            \"payload\":\"dict\",\n            \"emp\":\"Employee\",\n            \"report\":\"str\",\n            \"feedback\":\"str\",\n            \"payload_date\":\"datetime\",\n            \"data\":\"QuickInput\"\n        },\n        \"calls_made\":[\"request.json\", \"str.split\", \"datetime\", \"Employee.query.filter_by\", \"QuickInput\", \"db.session.add\", \"db.session.commit\", \"jsonify\", \"db.session.rollback\", \"print\"],\n        \"function_input\":{},\n        \"function_output\":{\"variable_name\":\"message\",\"output_data_type\":\"str\"}\n    }\n}\n}"}