{"app_transaction_salary_sheet.py": "{\"functions_in_the_script\": [\"show_sheet\", \"print_salatry_sheet_company\", \"delete_salatry_sheet_company\", \"print_salatry_sheet_selected\", \"salary_slips_emp\", \"salary_slips_emp_range\", \"process_sheet\", \"salary_generate_sheet\", \"get_processed_sheet\", \"generate_sheet\"], \"metadata\": {\"show_sheet\": {\"data_elements\": {}, \"calls_made\": [\"render_template\"], \"function_input\": {}, \"function_output\": {\"return\": \"string\"}}, \"print_salatry_sheet_company\": {\"data_elements\": {}, \"calls_made\": [\"render_template\"], \"function_input\": {}, \"function_output\": {\"return\": \"string\"}}, \"delete_salatry_sheet_company\": {\"data_elements\": {\"id\": \"string\", \"data\": \"SQLAlchemy BaseQuery\"}, \"calls_made\": [\"SalarySheet.query.filter_by\", \"data.delete\", \"db.session.commit\", \"jsonify\"], \"function_input\": {\"id\": \"string\"}, \"function_output\": {\"return\": \"json\"}}, \"print_salatry_sheet_selected\": {\"data_elements\": {}, \"calls_made\": [\"render_template\"], \"function_input\": {}, \"function_output\": {\"return\": \"string\"}}, \"salary_slips_emp\": {\"data_elements\": {\"payload\": \"json\", \"payload_date\": \"datetime\", \"emp_id\": \"string\", \"json_schema\": \"object\", \"emp_att\": \"SQLAlchemy BaseQuery\", \"slips\": \"SQLAlchemy BaseQuery\", \"json_data\": \"json\", \"att_rules\": \"SQLAlchemy BaseQuery\", \"late_comin_ratio\": \"float\", \"early_going_ratio\": \"float\"}, \"calls_made\": [\"request.json\", \"datetime\", \"AttendenceSchema\", \"Attendence.query.filter\", \"SalarySheetSlips.query.filter\", \"json.loads\", \"json_schema.dumps\", \"AttendenceRules.query.first\", \"jsonify\"], \"function_input\": {}, \"function_output\": {\"return\": \"json\"}}, \"salary_slips_emp_range\": {\"data_elements\": {\"payload\": \"json\", \"payload_start_date\": \"datetime\", \"payload_end_date\": \"datetime\", \"emp_id\": \"string\", \"json_schema\": \"object\", \"emp_att\": \"SQLAlchemy BaseQuery\", \"slips\": \"SQLAlchemy BaseQuery\", \"att_rules\": \"SQLAlchemy BaseQuery\", \"late_comin_ratio\": \"float\", \"early_going_ratio\": \"float\", \"all_data\": \"list\", \"json_data\": \"json\"}, \"calls_made\": [\"request.json\", \"datetime\", \"AttendenceSchema\", \"Attendence.query.filter\", \"SalarySheetSlips.query.filter\", \"print\", \"AttendenceRules.query.first\", \"json.loads\", \"json_schema.dumps\", \"jsonify\"], \"function_input\": {}, \"function_output\": {\"return\": \"json\"}}, \"process_sheet\": {\"data_elements\": {\"payload\": \"json\", \"json_data\": \"json\", \"payload_company\": \"SQLAlchemy BaseQuery\", \"payload_date\": \"datetime\", \"net_paid\": \"float\", \"net_advance_deduction\": \"float\", \"net_attendence\": \"dict\", \"check_data\": \"SQLAlchemy BaseQuery\", \"salary\": \"object\", \"item\": \"json\", \"emp\": \"SQLAlchemy BaseQuery\", \"slip_data\": \"object\", \"pending_advance\": \"float\", \"new_data\": \"object\"}, \"calls_made\": [\"request.json\", \"datetime\", \"SalarySheet\", \"Employee.query.filter_by\", \"SalarySheetSlips\", \"Advance\", \"db.session.add\", \"db.session.commit\", \"SalarySheet.query.filter\", \"jsonify\"], \"function_input\": {}, \"function_output\": {\"return\": \"json\"}}, \"salary_generate_sheet\": {\"data_elements\": {\"payload\": \"json\", \"company\": \"string\", \"month\": \"string\"}, \"calls_made\": [\"request.method\", \"request.json\", \"generate_sheet\", \"jsonify\"], \"function_input\": {}, \"function_output\": {\"return\": \"json\"}}, \"get_processed_sheet\": {\"data_elements\": {\"payload\": \"json\", \"payload_date\": \"datetime\", \"check_data\": \"SQLAlchemy BaseQuery\", \"saved_data\": \"SQLAlchemy BaseQuery\", \"generate_data\": \"json\", \"item\": \"json\", \"slip\": \"object\"}, \"calls_made\": [\"request.json\", \"datetime\", \"SalarySheet.query.filter\", \"SalarySheetSlips.query.filter\", \"json.loads\", \"generate_sheet\", \"jsonify\"], \"function_input\": {}, \"function_output\": {\"return\": \"json\"}}, \"generate_sheet\": {\"data_elements\": {\"company\": \"string\", \"month\": \"string\", \"payload_date\": \"datetime\", \"today\": \"datetime\", \"year_start\": \"datetime\", \"year_end\": \"datetime\", \"att_data\": \"SQLAlchemy BaseQuery\", \"att_data_schema\": \"object\", \"json_att_data\": \"json\", \"adv_data_schema\": \"object\", \"att_rules\": \"SQLAlchemy BaseQuery\", \"late_comin_ratio\": \"float\", \"early_going_ratio\": \"float\", \"att_item\": \"json\", \"adv_data\": \"SQLAlchemy BaseQuery\", \"json_adv_data\": \"json\", \"net_advance_month\": \"float\", \"net_advance_year\": \"float\", \"net_deduction_month\": \"float\", \"net_deduction_year\": \"float\", \"outstanding_advance\": \"float\", \"net_deduction_advance\": \"float\"}, \"calls_made\": [\"month.split\", \"datetime\", \"Attendence.query.filter\", \"AttendenceSchema\", \"json.loads\", \"AttendenceRules.query.first\", \"Advance.query.filter\", \"AdvanceSchema\", \"jsonify\"], \"function_input\": {\"company\": \"string\", \"month\": \"string\"}, \"function_output\": {\"return\": \"json\"}}}}"}