{"app_master_pay.py": "{\n\"functions_in_the_script\": [\"get_pay\", \"add_pay\", \"edit_pay\", \"delete_pay\"],\n\"metadata\": {\n    \"get_pay\": {\n        \"data_elements\": {\n            \"data_schema\": \"PaySchema object\",\n            \"data\": \"SQLAlchemy query result\",\n            \"json_data\": \"List\"\n        },\n        \"calls_made\": [\"request.method\", \"PaySchema\", \"ModeOfPay.query.all\", \"data_schema.dump\", \"jsonify\"],\n        \"function_input\": {},\n        \"function_output\": {\n            \"json_data\": \"JSON object\"\n        }\n    },\n    \"add_pay\": {\n        \"data_elements\": {\n            \"payload\": \"Dictionary\",\n            \"check_data\": \"SQLAlchemy query result\",\n            \"new_data\": \"ModeOfPay object\"\n        },\n        \"calls_made\": [\"request.method\", \"request.json\", \"ModeOfPay.query.filter_by\", \"check_data.first\", \"jsonify\", \"ModeOfPay\", \"db.session.add\", \"db.session.commit\", \"db.session.rollback\", \"db.session.close\"],\n        \"function_input\": {},\n        \"function_output\": {\n            \"message\": \"JSON object\"\n        }\n    },\n    \"edit_pay\": {\n        \"data_elements\": {\n            \"payload\": \"Dictionary\",\n            \"check_data\": \"SQLAlchemy query result\",\n            \"new_data\": \"ModeOfPay object\"\n        },\n        \"calls_made\": [\"request.method\", \"request.json\", \"ModeOfPay.query.filter_by\", \"check_data.first\", \"jsonify\", \"ModeOfPay.query.filter_by\", \"db.session.commit\", \"db.session.rollback\", \"db.session.close\"],\n        \"function_input\": {},\n        \"function_output\": {\n            \"message\": \"JSON object\"\n        }\n    },\n    \"delete_pay\": {\n        \"data_elements\": {\n            \"payload\": \"Dictionary\",\n            \"check_data\": \"SQLAlchemy query result\"\n        },\n        \"calls_made\": [\"request.method\", \"request.json\", \"ModeOfPay.query.filter_by\", \"check_data.first\", \"jsonify\", \"check_data.delete\", \"db.session.commit\", \"db.session.rollback\", \"db.session.close\"],\n        \"function_input\": {},\n        \"function_output\": {\n            \"message\": \"JSON object\"\n        }\n    }\n}\n}"}