{"app_transaction_model_qck.py": "{\n\"functions_in_the_script\":[\"__init__\"],\n\"metadata\":{\n    \"__init__\":{\n        \"data_elements\":{\n            \"self\":\"instance of QuickInput\",\n            \"date\":\"db.DateTime\",\n            \"report\":\"db.String\",\n            \"feedback\":\"db.String\"\n        },\n        \"calls_made\":[],\n        \"function_input\":{\n            \"self\":\"instance of QuickInput\",\n            \"date\":\"db.DateTime\",\n            \"report\":\"db.String\",\n            \"feedback\":\"db.String\"\n        },\n        \"function_output\":{}\n    }\n}\n}"}