{"app_master_appointment.py": "{\n\"functions_in_the_script\": [\"get_appointment\", \"add_appointment\", \"edit_appointment\", \"delete_appointment\"],\n\"metadata\": {\n    \"get_appointment\": {\n        \"data_elements\": {\n            \"data_schema\": \"AppointmentSchema\",\n            \"data\": \"SQLAlchemy result\",\n            \"json_data\": \"list\"\n        },\n        \"calls_made\": [\"AppointmentSchema\", \"Appointment.query.all\", \"data_schema.dump\", \"jsonify\"],\n        \"function_input\": {\n            \"request\": \"flask request object\"\n        },\n        \"function_output\": {\n            \"return\": \"JSON\"\n        }\n    },\n    \"add_appointment\": {\n        \"data_elements\": {\n            \"payload\": \"dict\",\n            \"check_data\": \"SQLAlchemy result\",\n            \"new_data\": \"Appointment\"\n        },\n        \"calls_made\": [\"request.json\", \"Appointment.query.filter_by\", \"check_data.first\", \"jsonify\", \"Appointment\", \"db.session.add\", \"db.session.commit\", \"db.session.rollback\", \"db.session.close\"],\n        \"function_input\": {\n            \"request\": \"flask request object\"\n        },\n        \"function_output\": {\n            \"return\": \"JSON\"\n        }\n    },\n    \"edit_appointment\": {\n        \"data_elements\": {\n            \"payload\": \"dict\",\n            \"check_data\": \"SQLAlchemy result\",\n            \"new_data\": \"Appointment\"\n        },\n        \"calls_made\": [\"request.json\", \"Appointment.query.filter_by\", \"check_data.first\", \"jsonify\", \"Appointment.query.filter_by.first\", \"db.session.commit\", \"db.session.rollback\", \"db.session.close\"],\n        \"function_input\": {\n            \"request\": \"flask request object\"\n        },\n        \"function_output\": {\n            \"return\": \"JSON\"\n        }\n    },\n    \"delete_appointment\": {\n        \"data_elements\": {\n            \"payload\": \"dict\",\n            \"check_data\": \"SQLAlchemy result\"\n        },\n        \"calls_made\": [\"request.json\", \"Appointment.query.filter_by\", \"check_data.first\", \"check_data.delete\", \"db.session.commit\", \"db.session.rollback\", \"db.session.close\", \"jsonify\"],\n        \"function_input\": {\n            \"request\": \"flask request object\"\n        },\n        \"function_output\": {\n            \"return\": \"JSON\"\n        }\n    }\n}\n}"}