{"app_transaction_performance.py": "{\n\"functions_in_the_script\": [\"show_performance\", \"get_performance_factors\", \"get_performance_all\", \"get_performance_factors_for_emp\", \"get_performance_by_employee\", \"save_performance\", \"delete_performance\", \"update_performance\"],\n\"metadata\": {\n\"show_performance\": {\n\"data_elements\": {},\n\"calls_made\": [\"render_template\"],\n\"function_input\": {},\n\"function_output\": {\"return_value\": \"str\"}\n},\n\"get_performance_factors\": {\n\"data_elements\": {\"data_schema\": \"PerformanceSchema\", \"data\": \"Performance\", \"json_data\": \"str\"},\n\"calls_made\": [\"PerformanceSchema\", \"Performance.query.all\", \"data_schema.dumps\", \"jsonify\"],\n\"function_input\": {},\n\"function_output\": {\"json_data\": \"str\"}\n},\n\"get_performance_all\": {\n\"data_elements\": {\"data_schema\": \"TransPerformanceSchema\", \"data\": \"TransPerformance\", \"json_data\": \"list\", \"factors\": \"Performance\", \"item\": \"dict\", \"net_score\": \"float\", \"max_score\": \"float\", \"prf_item\": \"dict\", \"fac\": \"Performance\"},\n\"calls_made\": [\"TransPerformanceSchema\", \"TransPerformance.query.all\", \"json.loads\", \"data_schema.dumps\", \"Performance.query.all\", \"float\", \"json.dumps\", \"jsonify\"],\n\"function_input\": {},\n\"function_output\": {\"json_data\": \"str\"}\n},\n\"get_performance_factors_for_emp\": {\n\"data_elements\": {\"data_schema\": \"TransPerformanceSchema\", \"payload\": \"dict\", \"temp_date\": \"list\", \"fromdate\": \"datetime\", \"todate\": \"datetime\", \"data\": \"TransPerformance\", \"json_data\": \"list\", \"factors\": \"Performance\", \"item\": \"dict\", \"net_score\": \"float\", \"max_score\": \"float\", \"prf_item\": \"dict\", \"fac\": \"Performance\"},\n\"calls_made\": [\"TransPerformanceSchema\", \"datetime\", \"TransPerformance.query.join\", \"json.loads\", \"data_schema.dumps\", \"Performance.query.all\", \"float\", \"round\", \"json.dumps\", \"jsonify\"],\n\"function_input\": {\"payload\": \"dict\"},\n\"function_output\": {\"json_data\": \"str\"}\n},\n\"get_performance_by_employee\": {\n\"data_elements\": {\"data_schema\": \"TransPerformanceSchema\", \"data\": \"TransPerformance\", \"json_data\": \"str\"},\n\"calls_made\": [\"TransPerformanceSchema\", \"TransPerformance.query.filter_by\", \"data_schema.dumps\", \"jsonify\"],\n\"function_input\": {\"id\": \"str\"},\n\"function_output\": {\"json_data\": \"str\"}\n},\n\"save_performance\": {\n\"data_elements\": {\"payload\": \"dict\", \"emp\": \"Employee\", \"temp_date\": \"list\", \"fromdate\": \"datetime\", \"todate\": \"datetime\", \"payload_data\": \"dict\", \"check_data\": \"TransPerformance\", \"new_data\": \"TransPerformance\", \"item\": \"dict\", \"factor\": \"Performance\"},\n\"calls_made\": [\"Employee.query.filter_by\", \"datetime\", \"TransPerformance.query.filter_by\", \"TransPerformance\", \"Performance.query.filter_by\", \"PerformanceItem\", \"db.session.add\", \"db.session.commit\", \"jsonify\"],\n\"function_input\": {\"payload\": \"dict\"},\n\"function_output\": {\"return_value\": \"str\"}\n},\n\"delete_performance\": {\n\"data_elements\": {\"data\": \"TransPerformance\"},\n\"calls_made\": [\"TransPerformance.query.filter_by\", \"db.session.commit\", \"jsonify\"],\n\"function_input\": {\"perf_id\": \"str\"},\n\"function_output\": {\"return_value\": \"str\"}\n},\n\"update_performance\": {\n\"data_elements\": {\"payload\": \"dict\", \"data\": \"TransPerformance\", \"item\": \"dict\", \"factor\": \"Performance\"},\n\"calls_made\": [\"TransPerformance.query.filter_by\", \"Performance.query.filter_by\", \"PerformanceItem\", \"db.session.commit\", \"jsonify\"],\n\"function_input\": {\"payload\": \"dict\"},\n\"function_output\": {\"return_value\": \"str\"}\n}\n}\n}"}