{"app_transaction_attendence.py": "{\n\"functions_in_the_script\": [\"show_attendence\", \"get_attendence\", \"emp_attendence\", \"summary_late_attendence\", \"save_attendence\", \"update_attendence\"],\n\"metadata\": {\n    \"show_attendence\": {\n        \"data_elements\": {},\n        \"calls_made\": [\"render_template\"],\n        \"function_input\": {},\n        \"function_output\": {\"return\": \"str\"}\n    },\n    \"get_attendence\": {\n        \"data_elements\": {\"payload\": \"JSON\", \"payload_date\": \"datetime\", \"company\": \"str\", \"data\": \"SQLAlchemy BaseQuery\", \"data_schema\": \"AttendenceSchema\", \"json_data\": \"str\"},\n        \"calls_made\": [\"request.json\", \"datetime\", \"Attendence.query.filter\", \"AttendenceSchema.dumps\", \"jsonify\"],\n        \"function_input\": {},\n        \"function_output\": {\"return\": \"JSON\"}\n    },\n    \"emp_attendence\": {\n        \"data_elements\": {\"year\": \"datetime\", \"data\": \"SQLAlchemy BaseQuery\", \"day_att\": \"list\", \"early_att\": \"list\", \"late_att\": \"list\", \"json_data\": \"str\"},\n        \"calls_made\": [\"datetime\", \"Attendence.query.filter\", \"json.dumps\", \"jsonify\"],\n        \"function_input\": {\"emp_id\": \"str\"},\n        \"function_output\": {\"return\": \"JSON\"}\n    },\n    \"summary_late_attendence\": {\n        \"data_elements\": {\"today\": \"datetime\", \"payload_date\": \"datetime\", \"payload_date_end\": \"datetime\", \"all_emps\": \"SQLAlchemy BaseQuery\", \"payload\": \"dict\", \"payload_late\": \"dict\", \"payload_early\": \"dict\", \"data\": \"SQLAlchemy BaseQuery\", \"day_att\": \"int\", \"early_att\": \"int\", \"late_att\": \"int\", \"company_schema\": \"CompanySchema\", \"payload_data\": \"dict\"},\n        \"calls_made\": [\"datetime.now\", \"datetime\", \"Employee.query.filter\", \"Attendence.query.filter\", \"CompanySchema.dumps\", \"sorted\", \"jsonify\"],\n        \"function_input\": {},\n        \"function_output\": {\"return\": \"JSON\"}\n    },\n    \"save_attendence\": {\n        \"data_elements\": {\"payload\": \"JSON\", \"payload_data\": \"JSON\", \"payload_date\": \"datetime\", \"table_columns\": \"tuple\", \"new_data\": \"Attendence\", \"emp\": \"Employee\", \"company\": \"Company\"},\n        \"calls_made\": [\"request.json\", \"datetime\", \"Employee.query.filter_by\", \"Company.query.filter_by\", \"db.session.add\", \"db.session.commit\", \"jsonify\"],\n        \"function_input\": {},\n        \"function_output\": {\"return\": \"JSON\"}\n    },\n    \"update_attendence\": {\n        \"data_elements\": {\"payload\": \"JSON\", \"table_columns\": \"tuple\", \"saved_att\": \"Attendence\"},\n        \"calls_made\": [\"request.json\", \"db.session.query.filter_by\", \"db.session.commit\", \"jsonify\"],\n        \"function_input\": {},\n        \"function_output\": {\"return\": \"JSON\"}\n    }\n}\n}"}