{"app_main_routes.py": "{\n\"functions_in_the_script\":[\"home\", \"trigger_error\"],\n\"metadata\":{\n    \"home\":{\n        \"data_elements\":{},\n        \"calls_made\":[\"render_template\"],\n        \"function_input\":{},\n        \"function_output\":{\"title\":\"string\"}\n    },\n    \"trigger_error\":{\n        \"data_elements\":{\"division_by_zero\":\"integer\"},\n        \"calls_made\":[\"render_template\"],\n        \"function_input\":{},\n        \"function_output\":{\"title\":\"string\"}\n    }\n}\n}"}