{"app_master_model.py": "{\n\"functions_in_the_script\": [\"Company.__init__\", \"EmployeeCategory.__init__\", \"Location.__init__\", \"City.__init__\", \"Appointment.__init__\", \"Department.__init__\", \"Post.__init__\", \"Benefit.__init__\", \"ModeOfPay.__init__\", \"Performance.__init__\", \"AttendenceRules.__init__\"],\n\"metadata\": {\n    \"Company.__init__\": {\n        \"data_elements\": {\n            \"self.name\": \"String\",\n            \"self.location_id\": \"Integer\"\n        },\n        \"calls_made\": [],\n        \"function_input\": {\n            \"name\": \"String\",\n            \"location_id\": \"Integer\"\n        },\n        \"function_output\": {}\n    },\n    \"EmployeeCategory.__init__\": {\n        \"data_elements\": {\n            \"self.name\": \"String\"\n        },\n        \"calls_made\": [],\n        \"function_input\": {\n            \"name\": \"String\"\n        },\n        \"function_output\": {}\n    },\n    \"Location.__init__\": {\n        \"data_elements\": {\n            \"self.name\": \"String\"\n        },\n        \"calls_made\": [],\n        \"function_input\": {\n            \"name\": \"String\"\n        },\n        \"function_output\": {}\n    },\n    \"City.__init__\": {\n        \"data_elements\": {\n            \"self.name\": \"String\"\n        },\n        \"calls_made\": [],\n        \"function_input\": {\n            \"name\": \"String\"\n        },\n        \"function_output\": {}\n    },\n    \"Appointment.__init__\": {\n        \"data_elements\": {\n            \"self.name\": \"String\"\n        },\n        \"calls_made\": [],\n        \"function_input\": {\n            \"name\": \"String\"\n        },\n        \"function_output\": {}\n    },\n    \"Department.__init__\": {\n        \"data_elements\": {\n            \"self.name\": \"String\"\n        },\n        \"calls_made\": [],\n        \"function_input\": {\n            \"name\": \"String\"\n        },\n        \"function_output\": {}\n    },\n    \"Post.__init__\": {\n        \"data_elements\": {\n            \"self.name\": \"String\"\n        },\n        \"calls_made\": [],\n        \"function_input\": {\n            \"name\": \"String\"\n        },\n        \"function_output\": {}\n    },\n    \"Benefit.__init__\": {\n        \"data_elements\": {\n            \"self.name\": \"String\"\n        },\n        \"calls_made\": [],\n        \"function_input\": {\n            \"name\": \"String\"\n        },\n        \"function_output\": {}\n    },\n    \"ModeOfPay.__init__\": {\n        \"data_elements\": {\n            \"self.name\": \"String\"\n        },\n        \"calls_made\": [],\n        \"function_input\": {\n            \"name\": \"String\"\n        },\n        \"function_output\": {}\n    },\n    \"Performance.__init__\": {\n        \"data_elements\": {\n            \"self.name\": \"String\",\n            \"self.score\": \"Integer\",\n            \"self.weight\": \"Integer\"\n        },\n        \"calls_made\": [],\n        \"function_input\": {\n            \"name\": \"String\",\n            \"score\": \"Integer\",\n            \"weight\": \"Integer\"\n        },\n        \"function_output\": {}\n    },\n    \"AttendenceRules.__init__\": {\n        \"data_elements\": {\n            \"self.late_comin\": \"Float\",\n            \"self.late_comin_day\": \"Float\",\n            \"self.early_going\": \"Float\",\n            \"self.early_going_day\": \"Float\"\n        },\n        \"calls_made\": [],\n        \"function_input\": {\n            \"late_comin\": \"Float\",\n            \"late_comin_day\": \"Float\",\n            \"early_going\": \"Float\",\n            \"early_going_day\": \"Float\"\n        },\n        \"function_output\": {}\n    }\n}\n}"}