{"app_auth_forms.py": "{\n\"functions_in_the_script\": [\"validate_username\"],\n\"metadata\": {\n    \"validate_username\": {\n        \"data_elements\": {\n            \"username\": \"FormField\",\n            \"user\": \"User\"\n        },\n        \"calls_made\": [\"User.query.filter_by\", \"ValidationError\"],\n        \"function_input\": {\n            \"username\": \"FormField\"\n        },\n        \"function_output\": {\n            \"ValidationError\": \"Exception\"\n        }\n    }\n}\n}"}