{"app_auth_routes.py": "{\n\"functions_in_the_script\":[\"login\", \"logout\", \"register\", \"remove_mssg\"],\n\"metadata\":{\n    \"login\":{\n        \"data_elements\":{\n            \"form\":\"LoginForm\",\n            \"session['mssg']\":\"String\",\n            \"user\":\"User\"\n        },\n        \"calls_made\":[\n            \"current_user.is_authenticated\",\n            \"redirect\",\n            \"url_for\",\n            \"form.validate_on_submit\",\n            \"User.query.filter_by\",\n            \"user.check_password\",\n            \"login_user\",\n            \"render_template\"\n        ],\n        \"function_input\":{},\n        \"function_output\":{\n            \"redirect\":\"werkzeug.wrappers.Response\",\n            \"render_template\":\"flask.wrappers.Response\"\n        }\n    },\n    \"logout\":{\n        \"data_elements\":{},\n        \"calls_made\":[\"logout_user\", \"redirect\", \"url_for\"],\n        \"function_input\":{},\n        \"function_output\":{\n            \"redirect\":\"werkzeug.wrappers.Response\"\n        }\n    },\n    \"register\":{\n        \"data_elements\":{\n            \"form\":\"RegistrationForm\",\n            \"session['mssg']\":\"String\",\n            \"user\":\"User\",\n            \"role\":\"Role\"\n        },\n        \"calls_made\":[\n            \"current_user.is_authenticated\",\n            \"redirect\",\n            \"url_for\",\n            \"form.validate_on_submit\",\n            \"User\",\n            \"user.set_password\",\n            \"Role.query.filter_by\",\n            \"user.roles.append\",\n            \"db.session.add\",\n            \"db.session.commit\",\n            \"render_template\"\n        ],\n        \"function_input\":{},\n        \"function_output\":{\n            \"redirect\":\"werkzeug.wrappers.Response\",\n            \"render_template\":\"flask.wrappers.Response\"\n        }\n    },\n    \"remove_mssg\":{\n        \"data_elements\":{\n            \"session['mssg']\":\"String\"\n        },\n        \"calls_made\":[\"jsonify\"],\n        \"function_input\":{},\n        \"function_output\":{\n            \"jsonify\":\"flask.wrappers.Response\"\n        }\n    }\n}\n}"}