{"app_master_attendence_rules.py": "{\n\"functions_in_the_script\": [\"get_attendence_rules\", \"add_attendence_rules\", \"edit_attendence_rules\", \"delete_attendence_rules\"],\n\"metadata\": {\n  \"get_attendence_rules\": {\n    \"data_elements\": {\n      \"data_schema\": \"AttendenceRuleSchema\",\n      \"data\": \"SQLAlchemy Query Object\",\n      \"json_data\": \"list\"\n    },\n    \"calls_made\": [\"AttendenceRules.query.all\", \"data_schema.dump\", \"jsonify\"],\n    \"function_input\": {},\n    \"function_output\": {\n      \"json_data\": \"JSON Object\"\n    }\n  },\n  \"add_attendence_rules\": {\n    \"data_elements\": {\n      \"payload\": \"JSON Object\",\n      \"check_data\": \"SQLAlchemy Query Object\",\n      \"new_data\": \"AttendenceRules Object\"\n    },\n    \"calls_made\": [\"request.json\", \"AttendenceRules.query.first\", \"db.session.add\", \"db.session.commit\", \"jsonify\", \"db.session.rollback\", \"db.session.close\"],\n    \"function_input\": {},\n    \"function_output\": {\n      \"message/success\": \"JSON Object\"\n    }\n  },\n  \"edit_attendence_rules\": {\n    \"data_elements\": {\n      \"payload\": \"JSON Object\",\n      \"check_data\": \"SQLAlchemy Query Object\",\n      \"new_data\": \"AttendenceRules Object\"\n    },\n    \"calls_made\": [\"request.json\", \"AttendenceRules.query.filter_by\", \"db.session.commit\", \"jsonify\", \"db.session.rollback\", \"db.session.close\"],\n    \"function_input\": {},\n    \"function_output\": {\n      \"message/success\": \"JSON Object\"\n    }\n  },\n  \"delete_attendence_rules\": {\n    \"data_elements\": {\n      \"payload\": \"JSON Object\",\n      \"check_data\": \"SQLAlchemy Query Object\"\n    },\n    \"calls_made\": [\"request.json\", \"AttendenceRules.query.filter_by\", \"check_data.delete\", \"db.session.commit\", \"jsonify\", \"db.session.rollback\", \"db.session.close\"],\n    \"function_input\": {},\n    \"function_output\": {\n      \"message/success\": \"JSON Object\"\n    }\n  }\n}\n}"}