{"app_master_benefits.py": "{\n\"functions_in_the_script\": [\"get_benefits\", \"add_benefits\", \"edit_benefits\", \"delete_benefits\"],\n\"metadata\": {\n\"get_benefits\": {\n\"data_elements\": {\"data_schema\": \"BenefitSchema\", \"data\": \"Benefit\", \"json_data\": \"dict\"},\n\"calls_made\": [\"BenefitSchema\", \"Benefit.query.all\", \"data_schema.dump\", \"jsonify\"],\n\"function_input\": {},\n\"function_output\": {\"json_data\": \"dict\"}\n},\n\"add_benefits\": {\n\"data_elements\": {\"payload\": \"dict\", \"check_data\": \"BaseQuery\", \"new_data\": \"Benefit\"},\n\"calls_made\": [\"request.json\", \"Benefit.query.filter_by\", \"check_data.first\", \"jsonify\", \"Benefit\", \"db.session.add\", \"db.session.commit\", \"db.session.rollback\", \"db.session.close\"],\n\"function_input\": {\"payload\": \"json\"},\n\"function_output\": {\"message or success\": \"str\"}\n},\n\"edit_benefits\": {\n\"data_elements\": {\"payload\": \"dict\", \"check_data\": \"BaseQuery\", \"new_data\": \"Benefit\"},\n\"calls_made\": [\"request.json\", \"Benefit.query.filter_by\", \"check_data.first\", \"jsonify\", \"Benefit.query.filter_by.first\", \"db.session.commit\", \"db.session.rollback\", \"db.session.close\"],\n\"function_input\": {\"payload\": \"json\"},\n\"function_output\": {\"message or success\": \"str\"}\n},\n\"delete_benefits\": {\n\"data_elements\": {\"payload\": \"dict\", \"check_data\": \"BaseQuery\"},\n\"calls_made\": [\"request.json\", \"Benefit.query.filter_by\", \"check_data.first\", \"len\", \"jsonify\", \"check_data.delete\", \"db.session.commit\", \"db.session.rollback\", \"db.session.close\"],\n\"function_input\": {\"payload\": \"json\"},\n\"function_output\": {\"message or success\": \"str\"}\n}\n}\n}"}