{"app_report_firms.py": "{\n\"functions_in_the_script\": [\"show_firms\", \"firms_info\"],\n\"metadata\": {\n    \"show_firms\": {\n        \"data_elements\": {},\n        \"calls_made\": [\"render_template\"],\n        \"function_input\": {},\n        \"function_output\": {\"return_value\": \"flask.wrappers.Response\"}\n    },\n    \"firms_info\": {\n        \"data_elements\": {\n            \"data_schema\": \"CompanySchema\",\n            \"data\": \"sqlalchemy.orm.query.Query\",\n            \"json_dump\": \"str\",\n            \"temp_json\": \"list\",\n            \"item\": \"dict\",\n            \"all_emp\": \"sqlalchemy.orm.query.Query\",\n            \"emp\": \"Employee\"\n        },\n        \"calls_made\": [\"CompanySchema\", \"db.session.query\", \"json.loads\", \"db.session.query\", \"len\", \"float\", \"json.dumps\", \"jsonify\"],\n        \"function_input\": {},\n        \"function_output\": {\"return_value\": \"flask.wrappers.Response\"}\n    }\n}\n}"}