{"app_main_firms.py": "{\n\"functions_in_the_script\":[\"show_firms\", \"firms_info\"],\n\"metadata\":{\n    \"show_firms\":{\n        \"data_elements\":{},\n        \"calls_made\":[\"render_template\"],\n        \"function_input\":{},\n        \"function_output\":{\"variable_name\":\"render_template\",\"output_data_type\":\"str\"}\n    },\n    \"firms_info\":{\n        \"data_elements\":{\n            \"data_schema\":\"CompanySchema\",\n            \"data\":\"result\",\n            \"json_dump\":\"str\",\n            \"temp_json\":\"list\",\n            \"item\":\"dict\",\n            \"all_emp\":\"list\",\n            \"emp\":\"Employee\"\n        },\n        \"calls_made\":[\"CompanySchema\", \"db.session.query\", \"join\", \"all\", \"dumps\", \"json.loads\", \"db.session.query\", \"filter_by\", \"first\", \"json.dumps\", \"jsonify\"],\n        \"function_input\":{},\n        \"function_output\":{\"variable_name\":\"jsonify\",\"output_data_type\":\"json\"}\n    }\n}\n}"}