{"migrations_env.py": "{\n\"functions_in_the_script\": [\"run_migrations_offline\", \"run_migrations_online\", \"process_revision_directives\"],\n\"metadata\": {\n    \"run_migrations_offline\": {\n        \"data_elements\": {\n            \"url\": \"string\"\n        },\n        \"calls_made\": [\"context.configure\", \"context.begin_transaction\", \"context.run_migrations\"],\n        \"function_input\": {},\n        \"function_output\": {}\n    },\n    \"run_migrations_online\": {\n        \"data_elements\": {\n            \"connectable\": \"Engine\",\n            \"connection\": \"Connection\",\n            \"script\": \"Script\",\n            \"directives\": \"list\"\n        },\n        \"calls_made\": [\"config.get_section\", \"engine_from_config\", \"connectable.connect\", \"context.configure\", \"context.begin_transaction\", \"context.run_migrations\", \"process_revision_directives\"],\n        \"function_input\": {},\n        \"function_output\": {}\n    },\n    \"process_revision_directives\": {\n        \"data_elements\": {\n            \"context\": \"MigrationContext\",\n            \"revision\": \"str\",\n            \"directives\": \"list\"\n        },\n        \"calls_made\": [\"script.upgrade_ops.is_empty\", \"logger.info\"],\n        \"function_input\": {\"context\": \"MigrationContext\", \"revision\": \"str\", \"directives\": \"list\"},\n        \"function_output\": {}\n    }\n}\n}"}