{"app_auth_forms.py": "{\n\"classes_in_script\": [\"LoginForm\", \"RegistrationForm\"],\n\"metadata\" : {\n    \"LoginForm\": {\n        \"functions_in_class\": {},\n        \"data_elements\": {\n            \"username\": \"StringField\",\n            \"password\": \"PasswordField\",\n            \"submit\": \"SubmitField\"\n        }\n    },\n    \"RegistrationForm\": {\n        \"functions_in_class\": {\n            \"validate_username\": \"pseudocode of the function\"\n        },\n        \"data_elements\": {\n            \"username\": \"StringField\",\n            \"password\": \"PasswordField\",\n            \"key\": \"StringField\",\n            \"password2\": \"PasswordField\",\n            \"submit\": \"SubmitField\"\n        }\n    }\n  }\n}"}