{"app_transaction_model_per.py": "{\"classes_in_script\":[\"TimestampMixin\", \"TransPerformance\", \"PerformanceItem\", \"PerformanceItemSchema\", \"TransPerformanceSchema\"],\"metadata\" : {\"TimestampMixin\":{\"functions_in_class\":{},\"data_elements\":{\"created\":\"db.Column\",\"updated\":\"db.Column\"}},\"TransPerformance\":{\"functions_in_class\":{\"__init__\":\"def __init__(self ,emp_id , fromdate , todate):\\n    self.fromdate = fromdate\\n    self.emp_id = emp_id\\n    self.todate = todate\"},\"data_elements\":{\"__table_args__\":\"{'extend_existing': True}\",\"id\":\"db.Column\",\"employee\":\"db.relationship\",\"fromdate\":\"db.Column\",\"todate\":\"db.Column\",\"performance_items\":\"db.relationship\",\"emp_id\":\"db.Column\"}},\"PerformanceItem\":{\"functions_in_class\":{\"__init__\":\"def __init__(self, performance, obt_score):\\n    self.performance = performance\\n    self.obt_score = obt_score\"},\"data_elements\":{\"__table_args__\":\"{'extend_existing': True}\",\"id\":\"db.Column\",\"trans_per_id\":\"db.Column\",\"performance_id\":\"db.Column\",\"obt_score\":\"db.Column\",\"performance\":\"db.relationship\"}},\"PerformanceItemSchema\":{\"functions_in_class\":{},\"data_elements\":{\"id\":\"field_for\",\"trans_per_id\":\"field_for\",\"performance_id\":\"field_for\",\"obt_score\":\"field_for\",\"performance\":\"ma.Nested\"}},\"TransPerformanceSchema\":{\"functions_in_class\":{},\"data_elements\":{\"id\":\"field_for\",\"fromdate\":\"field_for\",\"todate\":\"field_for\",\"performance_items\":\"ma.Nested\",\"employee\":\"ma.Nested\"}}}}"}