{"app_transaction_model_att.py": "{\"classes_in_script\":[\"TimestampMixin\", \"Attendence\", \"AttendenceSchema\"],\"metadata\" : {\"TimestampMixin\":{\"functions_in_class\":{},\"data_elements\":{\"created\":\"db.DateTime\",\"updated\":\"db.DateTime\"}}, \"Attendence\":{\"functions_in_class\":{},\"data_elements\":{\"id\":\"db.Integer\",\"employee\":\"db.relationship\",\"company\":\"db.relationship\",\"date\":\"db.DateTime\",\"daysatt\":\"db.Float\",\"latecomin\":\"db.Float\",\"earlygoing\":\"db.Float\",\"esi\":\"db.Float\",\"pf\":\"db.Float\",\"tds\":\"db.Float\",\"other_deduction\":\"db.Float\"}}, \"AttendenceSchema\":{\"functions_in_class\":{},\"data_elements\":{\"id\":\"field_for\",\"date\":\"field_for\",\"daysatt\":\"field_for\",\"latecomin\":\"field_for\",\"earlygoing\":\"field_for\",\"esi\":\"field_for\",\"pf\":\"field_for\",\"tds\":\"field_for\",\"other_deduction\":\"field_for\",\"employee\":\"ma.Nested\",\"company\":\"ma.Nested\",\"basicpay\":\"field_for\"}}}}"}