{"app_model.py": "{\n\"classes_in_script\":[\"User\", \"Role\", \"UserRoles\"],\n\"metadata\" : {\n    \"User\":{\n        \"functions_in_class\":{\n            \"__repr__\":\"Returns a string representation of the User object\",\n            \"set_password\":\"Generates a hashed version of the password and stores it in the User object\",\n            \"check_password\":\"Checks the entered password against the stored hashed password and returns a boolean\"\n        },\n        \"data_elements\":{\n            \"id\":\"Integer\",\n            \"username\":\"String\",\n            \"password_hash\":\"String\",\n            \"roles\":\"Relationship\"\n        }\n    },\n    \"Role\":{\n        \"functions_in_class\":{},\n        \"data_elements\":{\n            \"id\":\"Integer\",\n            \"name\":\"String\"\n        }\n    },\n    \"UserRoles\":{\n        \"functions_in_class\":{},\n        \"data_elements\":{\n            \"id\":\"Integer\",\n            \"user_id\":\"Integer\",\n            \"role_id\":\"Integer\"\n        }\n    }\n}\n}"}