{"app_transaction_model_adv.py": "{\n\"classes_in_script\": [\"TimestampMixin\", \"Advance\", \"AdvanceSchema\"],\n\"metadata\": {\n    \"TimestampMixin\": {\n        \"functions_in_class\": {},\n        \"data_elements\": {\n            \"created\": \"db.Column(db.DateTime, default=datetime.utcnow)\",\n            \"updated\": \"db.Column(db.DateTime, onupdate=datetime.utcnow)\"\n        }\n    },\n    \"Advance\": {\n        \"functions_in_class\": {},\n        \"data_elements\": {\n            \"id\": \"db.Column(db.Integer, primary_key=True)\",\n            \"employee\": \"db.relationship('Employee', secondary='adv_emp', backref='adv_emp', cascade='all ,delete', lazy='joined')\",\n            \"company\": \"db.relationship('Company', secondary='adv_comp', backref='adv_comp', cascade='all ,delete', lazy='joined')\",\n            \"deduction\": \"db.Column(db.Float, default=0, nullable=False)\",\n            \"deduction_period\": \"db.Column(db.String(10), default=None, nullable=False)\",\n            \"date\": \"db.Column(db.DateTime, default=None, nullable=False)\",\n            \"advanceamt\": \"db.Column(db.Float, default=0, nullable=False)\",\n            \"security\": \"db.Column(db.String(250), default=None)\",\n            \"cheque_no\": \"db.Column(db.String(250), default=None)\",\n            \"letter\": \"db.Column(db.String(10), default=None)\",\n            \"trans\": \"db.Column(db.String(10), default=None , nullable=False)\"\n        }\n    },\n    \"AdvanceSchema\": {\n        \"functions_in_class\": {},\n        \"data_elements\": {\n            \"id\": \"field_for(Advance, 'id', dump_only=True)\",\n            \"date\": \"field_for(Advance, 'date', dump_only=True)\",\n            \"advanceamt\": \"field_for(Advance, 'advanceamt', dump_only=True)\",\n            \"letter\": \"field_for(Advance, 'letter', dump_only=True)\",\n            \"security\": \"field_for(Advance, 'security', dump_only=True)\",\n            \"cheque_no\": \"field_for(Advance, 'cheque_no', dump_only=True)\",\n            \"deduction\": \"field_for(Advance, 'deduction', dump_only=True)\",\n            \"deduction_period\": \"field_for(Advance, 'deduction_period', dump_only=True)\",\n            \"employee\": \"ma.Nested(EmployeeMainSchema, many=True)\",\n            \"company\": \"ma.Nested(CompanySchema, many=True)\",\n            \"trans\": \"field_for(Advance, 'trans', dump_only=True)\"\n        }\n    }\n}\n}"}