{"app_employee_model.py": "{\"classes_in_script\":[\"TimestampMixin\", \"Employee\", \"EmployeeBasicSchema\", \"EmployeeSchema\", \"EmployeeMainSchema\", \"EmployeeAdvanceSchema\"],\"metadata\" : {\"TimestampMixin\":{\"functions_in_class\":{},\"data_elements\":{\"created\":\"db.DateTime\",\"updated\":\"db.DateTime\"}},\"Employee\":{\"functions_in_class\":{},\"data_elements\":{\"id\":\"db.Integer\",\"name\":\"db.String\",\"dob\":\"db.DateTime\",\"spousename\":\"db.String\",\"fathername\":\"db.String\",\"education\":\"db.String\",\"contact\":\"db.String\",\"curr_address\":\"db.String\",\"curr_city\":\"db.relationship\",\"perm_address\":\"db.String\",\"perm_city\":\"db.relationship\",\"pan\":\"db.String\",\"panfile\":\"db.String\",\"aadhar\":\"db.String\",\"aadharfile\":\"db.String\",\"photofile\":\"db.String\",\"extraidfile\":\"db.String\",\"educertfile\":\"db.String\",\"resumefile\":\"db.String\",\"reference\":\"db.String\",\"dateofapp\":\"db.DateTime\",\"appointment\":\"db.relationship\",\"post\":\"db.relationship\",\"department\":\"db.relationship\",\"company\":\"db.relationship\",\"benefits\":\"db.relationship\",\"dateeff\":\"db.DateTime\",\"salary_structure\":\"db.String\",\"basicpay\":\"db.String\",\"pf\":\"db.String\",\"esi\":\"db.String\",\"bankname\":\"db.String\",\"accnumber\":\"db.String\",\"ifsccode\":\"db.String\",\"advance\":\"db.String\",\"advancevalue\":\"db.Float\",\"advancenum\":\"db.Integer\",\"paidleave\":\"db.Integer\",\"incrementpr\":\"db.Integer\",\"flag\":\"db.Integer\"}}, \"EmployeeBasicSchema\":{\"functions_in_class\":{},\"data_elements\":{\"id\":\"field_for\",\"name\":\"field_for\",\"company\":\"ma.Nested\",\"basicpay\":\"field_for\"}}, \"EmployeeSchema\":{\"functions_in_class\":{},\"data_elements\":{\"id\":\"field_for\",\"name\":\"field_for\",\"dob\":\"field_for\",\"spousename\":\"field_for\",\"fathername\":\"field_for\",\"education\":\"field_for\",\"contact\":\"field_for\",\"curr_address\":\"field_for\",\"curr_city\":\"ma.Nested\",\"perm_address\":\"field_for\",\"perm_city\":\"ma.Nested\",\"pan\":\"field_for\",\"panfile\":\"field_for\",\"aadhar\":\"field_for\",\"aadharfile\":\"field_for\",\"photofile\":\"field_for\",\"extraidfile\":\"field_for\",\"educertfile\":\"field_for\",\"resumefile\":\"field_for\",\"reference\":\"field_for\",\"dateofapp\":\"field_for\",\"post\":\"ma.Nested\",\"department\":\"ma.Nested\",\"company\":\"ma.Nested\",\"appointment\":\"ma.Nested\",\"benefits\":\"ma.Nested\",\"dateeff\":\"field_for\",\"salary_structure\":\"field_for\",\"basicpay\":\"field_for\",\"pf\":\"field_for\",\"esi\":\"field_for\",\"advance\":\"field_for\",\"advancevalue\":\"field_for\",\"advancenum\":\"field_for\",\"paidleave\":\"field_for\",\"incrementpr\":\"field_for\"}}, \"EmployeeMainSchema\":{\"functions_in_class\":{},\"data_elements\":{\"id\":\"field_for\",\"name\":\"field_for\",\"basicpay\":\"field_for\",\"pf\":\"field_for\",\"esi\":\"field_for\",\"post\":\"ma.Nested\",\"department\":\"ma.Nested\",\"company\":\"ma.Nested\",\"appointment\":\"ma.Nested\"}}, \"EmployeeAdvanceSchema\":{\"functions_in_class\":{},\"data_elements\":{\"id\":\"field_for\",\"name\":\"field_for\",\"basicpay\":\"field_for\",\"advance\":\"field_for\",\"advancevalue\":\"field_for\",\"advancenum\":\"field_for\",\"post\":\"ma.Nested\",\"department\":\"ma.Nested\",\"company\":\"ma.Nested\",\"appointment\":\"ma.Nested\"}}}}"}