{"app_transaction_model_sal.py": "{\n\"classes_in_script\": [\"TimestampMixin\", \"SalarySheet\", \"SalarySheetSlips\"],\n\"metadata\" : {\n    \"TimestampMixin\": {\n        \"functions_in_class\": {},\n        \"data_elements\": {\n            \"created\": \"db.DateTime\",\n            \"updated\": \"db.DateTime\"\n        }\n    },\n    \"SalarySheet\": {\n        \"functions_in_class\": {\n            \"__init__\": \"constructor function initializing month, deductionsamt, paidamt, attendence\"\n        },\n        \"data_elements\": {\n            \"id\": \"db.Integer\",\n            \"company\": \"db.relationship\",\n            \"month\": \"db.DateTime\",\n            \"deductionsamt\": \"db.Float\",\n            \"paidamt\": \"db.Float\",\n            \"attendence\": \"db.String\"\n        }\n    },\n    \"SalarySheetSlips\": {\n        \"functions_in_class\": {\n            \"__init__\": \"constructor function initializing adv_deduction, date\"\n        },\n        \"data_elements\": {\n            \"id\": \"db.Integer\",\n            \"employee\": \"db.relationship\",\n            \"adv_deduction\": \"db.Float\",\n            \"date\": \"db.DateTime\",\n            \"sheet\": \"db.relationship\"\n        }\n    }\n}\n}"}