{"app_transaction_model_qck.py": "{\"classes_in_script\":[\"TimestampMixin\", \"QuickInput\", \"QuickInputSchema\"],\"metadata\" : {\"TimestampMixin\":{\"functions_in_class\":{},\"data_elements\":{\"created\":\"db.DateTime\",\"updated\":\"db.DateTime\"}},\"QuickInput\":{\"functions_in_class\":{\"__init__\":\"pseudocode of the function: this function initializes the QuickInput object with date, report and feedback\"},\"data_elements\":{\"__table_args__\":\"dictionary\",\"id\":\"db.Integer\",\"employee\":\"db.relationship\",\"date\":\"db.DateTime\",\"report\":\"db.String\",\"feedback\":\"db.String\"}},\"QuickInputSchema\":{\"functions_in_class\":{},\"data_elements\":{\"id\":\"field_for\",\"date\":\"field_for\",\"report\":\"field_for\",\"feedback\":\"field_for\",\"employee\":\"ma.Nested\",\"model\":\"QuickInput\"}}}}"}