{"app_master_model.py": "{\"classes_in_script\":[\"Company\", \"EmployeeCategory\", \"Location\", \"City\", \"Appointment\", \"Department\", \"Post\", \"Benefit\", \"ModeOfPay\", \"Performance\", \"AttendenceRules\", \"LocationSchema\", \"CitySchema\", \"AppointmentSchema\", \"DepartmentSchema\", \"PostSchema\", \"BenefitSchema\", \"PaySchema\", \"PerformanceSchema\", \"AttendenceRuleSchema\", \"EmployeeCatSchema\", \"CompanySchema\"],\"metadata\" : {\"Company\":{\"functions_in_class\":{\"__init__\":\"Initializes the Company instance with name and location_id\"},\"data_elements\":{\"id\":\"Integer\",\"name\":\"String\",\"location\":\"Relationship\",\"location_id\":\"Integer\"}},\"EmployeeCategory\":{\"functions_in_class\":{\"__init__\":\"Initializes the EmployeeCategory instance with name\"},\"data_elements\":{\"id\":\"Integer\",\"name\":\"String\"}},\"Location\":{\"functions_in_class\":{\"__init__\":\"Initializes the Location instance with name\"},\"data_elements\":{\"id\":\"Integer\",\"name\":\"String\"}},\"City\":{\"functions_in_class\":{\"__init__\":\"Initializes the City instance with name\"},\"data_elements\":{\"id\":\"Integer\",\"name\":\"String\"}},\"Appointment\":{\"functions_in_class\":{\"__init__\":\"Initializes the Appointment instance with name\"},\"data_elements\":{\"id\":\"Integer\",\"name\":\"String\"}},\"Department\":{\"functions_in_class\":{\"__init__\":\"Initializes the Department instance with name\"},\"data_elements\":{\"id\":\"Integer\",\"name\":\"String\"}},\"Post\":{\"functions_in_class\":{\"__init__\":\"Initializes the Post instance with name\"},\"data_elements\":{\"id\":\"Integer\",\"name\":\"String\"}},\"Benefit\":{\"functions_in_class\":{\"__init__\":\"Initializes the Benefit instance with name\"},\"data_elements\":{\"id\":\"Integer\",\"name\":\"String\"}},\"ModeOfPay\":{\"functions_in_class\":{\"__init__\":\"Initializes the ModeOfPay instance with name\"},\"data_elements\":{\"id\":\"Integer\",\"name\":\"String\"}},\"Performance\":{\"functions_in_class\":{\"__init__\":\"Initializes the Performance instance with name, score and weight\"},\"data_elements\":{\"id\":\"Integer\",\"name\":\"String\", \"score\":\"Integer\", \"weight\":\"Integer\"}},\"AttendenceRules\":{\"functions_in_class\":{\"__init__\":\"Initializes the AttendenceRules instance with late_comin, late_comin_day, early_going, early_going_day\"},\"data_elements\":{\"id\":\"Integer\",\"late_comin\":\"Float\",\"late_comin_day\":\"Float\", \"early_going\":\"Float\", \"early_going_day\":\"Float\"}},\"LocationSchema\":{\"functions_in_class\":{},\"data_elements\":{}},\"CitySchema\":{\"functions_in_class\":{},\"data_elements\":{}},\"AppointmentSchema\":{\"functions_in_class\":{},\"data_elements\":{}},\"DepartmentSchema\":{\"functions_in_class\":{},\"data_elements\":{}},\"PostSchema\":{\"functions_in_class\":{},\"data_elements\":{}},\"BenefitSchema\":{\"functions_in_class\":{},\"data_elements\":{}},\"PaySchema\":{\"functions_in_class\":{},\"data_elements\":{}},\"PerformanceSchema\":{\"functions_in_class\":{},\"data_elements\":{}},\"AttendenceRuleSchema\":{\"functions_in_class\":{},\"data_elements\":{}},\"EmployeeCatSchema\":{\"functions_in_class\":{},\"data_elements\":{}},\"CompanySchema\":{\"functions_in_class\":{},\"data_elements\":{}}}}"}